Workbook
Name f_ini: 'PAINEL'!$B$7
Name f_fim: 'PAINEL'!$D$7
Name f_un: 'PAINEL'!$F$7
Name f_tr: 'PAINEL'!$I$7
Name f_de: 'PAINEL'!$L$7
Name f_res: 'PAINEL'!$O$7
Name f_sit: 'PAINEL'!$Q$7
Name r_ini: 'RELATÓRIOS'!$B$7
Name r_fim: 'RELATÓRIOS'!$C$7
Name r_un: 'RELATÓRIOS'!$D$7
Name r_de: 'RELATÓRIOS'!$F$7
Name cfg_org: 'CONFIGURAÇÕES'!$C$6
Name cfg_massa: 'CONFIGURAÇÕES'!$C$7
Name cfg_rec: 'CONFIGURAÇÕES'!$C$8
Name cfg_cdf: 'CONFIGURAÇÕES'!$C$9
Name cfg_tol: 'CONFIGURAÇÕES'!$C$10
Name cfg_cancel: 'CONFIGURAÇÕES'!$C$11
Name cfg_versao: 'CONFIGURAÇÕES'!$C$12
Name lst_sistemas: OFFSET('CONFIGURAÇÕES'!$B$17,0,0,MAX(1,COUNTA('CONFIGURAÇÕES'!$B$17:$B$26)),1)
Name lst_sit_mtr: OFFSET('CONFIGURAÇÕES'!$C$17,0,0,MAX(1,COUNTA('CONFIGURAÇÕES'!$C$17:$C$28)),1)
Name lst_sit_cdf: OFFSET('CONFIGURAÇÕES'!$D$17,0,0,MAX(1,COUNTA('CONFIGURAÇÕES'!$D$17:$D$26)),1)
Name lst_modal: OFFSET('CONFIGURAÇÕES'!$E$17,0,0,MAX(1,COUNTA('CONFIGURAÇÕES'!$E$17:$E$36)),1)
Name lst_uf: OFFSET('CONFIGURAÇÕES'!$F$17,0,0,MAX(1,COUNTA('CONFIGURAÇÕES'!$F$17:$F$43)),1)
Name lst_un: OFFSET('CONFIGURAÇÕES'!$G$17,0,0,MAX(1,COUNTA('CONFIGURAÇÕES'!$G$17:$G$26)),1)
Name lst_simnao: OFFSET('CONFIGURAÇÕES'!$I$17,0,0,MAX(1,COUNTA('CONFIGURAÇÕES'!$I$17:$I$18)),1)
Name lst_tipo: OFFSET('CONFIGURAÇÕES'!$J$17,0,0,MAX(1,COUNTA('CONFIGURAÇÕES'!$J$17:$J$24)),1)
Name lst_papel: OFFSET('CONFIGURAÇÕES'!$K$17,0,0,MAX(1,COUNTA('CONFIGURAÇÕES'!$K$17:$K$24)),1)
Name lst_sitcad: OFFSET('CONFIGURAÇÕES'!$L$17,0,0,MAX(1,COUNTA('CONFIGURAÇÕES'!$L$17:$L$21)),1)
Name cfg_units: 'CONFIGURAÇÕES'!$G$17:$G$26
Name cfg_fac: 'CONFIGURAÇÕES'!$H$17:$H$26
Name cfg_pt: 'CONFIGURAÇÕES'!$B$52:$B$58
Name cfg_pp: 'CONFIGURAÇÕES'!$C$52:$C$58
Name cfg_pv: 'CONFIGURAÇÕES'!$D$52:$D$58
Name lst_unidades: OFFSET('CONFIGURAÇÕES'!$AA$6,0,0,MAX(1,MAX('CAD_UNIDADES'!$N$6:$N$105)),1)
Name lst_transp: OFFSET('CONFIGURAÇÕES'!$AB$6,0,0,MAX(1,MAX('CAD_PARCEIROS'!$S$6:$S$205)),1)
Name cmp_transp: 'CONFIGURAÇÕES'!$AB$6:$AB$205
Name lst_dest: OFFSET('CONFIGURAÇÕES'!$AC$6,0,0,MAX(1,MAX('CAD_PARCEIROS'!$U$6:$U$205)),1)
Name cmp_dest: 'CONFIGURAÇÕES'!$AC$6:$AC$205
Name lst_res: OFFSET('CONFIGURAÇÕES'!$AD$6,0,0,MAX(1,MAX('CAD_RESÍDUOS'!$L$6:$L$205)),1)
Name lst_mtr: OFFSET('CONFIGURAÇÕES'!$AE$6,0,0,MAX(1,MAX('MTRs'!$BE$6:$BE$505)),1)
Name lst_itens: OFFSET('CONFIGURAÇÕES'!$AF$6,0,0,MAX(1,MAX('ITENS_MTR'!$AT$6:$AT$1005)),1)
Name lst_cdf: OFFSET('CONFIGURAÇÕES'!$AG$6,0,0,MAX(1,MAX('CDFs'!$Z$6:$Z$505)),1)
Name lst_f_unid: OFFSET('CONFIGURAÇÕES'!$AH$6,0,0,MAX(1,MAX('CAD_UNIDADES'!$N$6:$N$105))+1,1)
Name lst_f_transp: OFFSET('CONFIGURAÇÕES'!$AI$6,0,0,MAX(1,MAX('CAD_PARCEIROS'!$S$6:$S$205))+1,1)
Name lst_f_dest: OFFSET('CONFIGURAÇÕES'!$AJ$6,0,0,MAX(1,MAX('CAD_PARCEIROS'!$U$6:$U$205))+1,1)
Name lst_f_res: OFFSET('CONFIGURAÇÕES'!$AK$6,0,0,MAX(1,MAX('CAD_RESÍDUOS'!$L$6:$L$205))+1,1)
Name lst_f_sit: 'CONFIGURAÇÕES'!$AL$6:$AL$14

Sheet INÍCIO
B2: PLANILHA PRONTA DE CONTROLE DE MTR E CDF | N2: BÔNUS 02
B3: Organize movimentações, acompanhe documentos e identifique pendências. | N3: ♻
B6: 📄 MTR | E6: ➜ | F6: 🚚 TRANSPORTE | I6: ➜ | J6: 🏭 DESTINATÁRIO | M6: ➜ | N6: 📜 CDF
B7: Recebimento e destinação são etapas diferentes: a planilha acompanha cada uma separadamente.
B9: COMECE EM 5 PASSOS
B10: 01 | E10: 02 | H10: 03 | K10: 04 | N10: 05
B11: CADASTRE AS UNIDADES | E11: CADASTRE OS PARCEIROS | H11: REGISTRE OS MTRs | K11: ACOMPANHE O RECEBIMENTO | N11: VINCULE OS CDFs
B12: Informe os estabelecimentos que serão utilizados. | E12: Adicione transportadores e destinadores. | H12: Inclua os documentos e seus resíduos. | K12: Atualize a situação com base nos registros disponíveis. | N12: Registre os certificados e confira o painel.
B13: abrir CAD_UNIDADES ▶ | E13: abrir CAD_PARCEIROS ▶ | H13: abrir MTRs ▶ | K13: abrir RECEBIMENTOS ▶ | N13: abrir CDFs ▶
B15: NAVEGAÇÃO RÁPIDA
B16: ABRIR PAINEL ▶ | G16: CADASTRAR MTR ▶ | L16: CONSULTAR RECEBIMENTOS ▶
B18: REGISTRAR CDF ▶ | G18: VER PENDÊNCIAS ▶ | L18: ABRIR RELATÓRIOS ▶
B21: LEGENDA DE CORES
B22: AZUL-CLARO | E22: CINZA-CLARO | H22: VERDE | K22: AMARELO | N22: VERMELHO-CLARO
B23: informações para preencher. | E23: informações calculadas automaticamente. | H23: informação conferida. | K23: atenção ou revisão necessária. | N23: inconsistência relevante ou registro que exige providência.
B24: Na Central de Pendências, LARANJA indica pendência em acompanhamento e CINZA indica informação não disponível ou cancelamento informado.
B26: COMO A PLANILHA FUNCIONA
B27: 1 | C27: Sequência de preenchimento: CADASTROS → MTRs → ITENS_MTR → RECEBIMENTOS → CDFs → VÍNCULOS_CDF → PAINEL.
B28: 2 | C28: Cada registro já tem um ID interno fixo (MTR-000001, IT-000001, CDF-000001). Ele não muda ao ordenar ou filtrar. Nas outras abas, escolha o MTR, o item ou o CDF pela lista suspensa.
B29: 3 | C29: Você registra o que leu nos documentos e sistemas oficiais. A planilha não emite MTR nem CDF, não se conecta ao SINIR e não altera registros oficiais.
B30: 4 | C30: O recebimento só conta como confirmado com RECEBIMENTO CONFERIDO? = Sim e um documento ou link de evidência. Recebimento confirmado não significa destinação comprovada: isso depende do CDF.
B31: 5 | C31: Um CDF pode cobrir vários MTRs. Na aba VÍNCULOS_CDF, cada linha liga o CDF a um item, com a quantidade documentada. A planilha mostra quanto já tem vínculo e quanto ainda falta.
B32: 6 | C32: Diferenças de quantidade geram alerta de revisão, nunca conclusão automática de irregularidade. Depois de analisar, marque DIFERENÇA ANALISADA? = Sim no item.
B33: 7 | C33: MTR com cancelamento informado continua no histórico, mas sai dos cards 02 a 06 e das quantidades em kg. O termo de cancelamento é definido em CONFIGURAÇÕES.
B34: 8 | C34: Prazos de alerta (15 dias como sugestão) são parâmetros internos, ajustáveis em CONFIGURAÇÕES. Não são prazos legais.
B35: 9 | C35: Capacidade pronta: 500 MTRs, 1.000 itens, 1.000 recebimentos, 500 CDFs e 1.000 vínculos. Para volumes maiores, recomendamos usar um arquivo por ano.
B36: 10 | C36: Compatibilidade: Excel 365 ou Excel 2019 em diante (usa a função MÁXIMOSES). Sem macros e sem internet. O funcionamento no Google Sheets não foi testado.
B37: 11 | C37: As colunas automáticas ficam protegidas sem senha para evitar que fórmulas sejam apagadas. Filtros funcionam normalmente. Se precisar ordenar ou mudar a estrutura, use Revisão > Desproteger Planilha.
B39: Esta ferramenta organiza registros internos e não substitui os documentos oficiais nem os procedimentos exigíveis.
B40: Versão 1.0 | outubro de 2026

Sheet PAINEL
B2: ♻ PAINEL DE CONTROLE — MTR E CDF | Q2: BÔNUS 02
B3: Acompanhe movimentações, documentos e pendências em um só lugar. | Q3: =IF(cfg_org="","Atualizado em "&TEXT(DAY(TODAY()),"00")&"/"&TEXT(MONTH(TODAY()),"00")&"/"&YEAR(TODAY()),cfg_org) -> Atualizado em 19/10/2026
B4: ◀ INÍCIO | D4: PENDÊNCIAS | F4: RELATÓRIOS | H4: MTRs
V5: DADOS DOS GRÁFICOS (automático)
B6: ▼ Período inicial | D6: ▼ Período final | F6: ▼ Unidade geradora | I6: ▼ Transportador | L6: ▼ Destinador | O6: ▼ Tipo de resíduo | Q6: ▼ Situação documental | V6: Situação | W6: MTRs
F7: (Todas) | I7: (Todos) | L7: (Todos) | O7: (Todos) | Q7: (Todas) | V7: Cadastro incompleto | W7: =COUNTIFS('MTRs'!$AY$6:$AY$505,1,'MTRs'!$S$6:$S$505,V7) -> 0
B8: Os filtros de período usam a DATA DE EMISSÃO DO MTR. Deixe as datas em branco e as listas em (Todas)/(Todos) para ver tudo. MTRs com cancelamento informado ficam fora dos cards 02 a 06 e das quantidades. | V8: Informação a revisar | W8: =COUNTIFS('MTRs'!$AY$6:$AY$505,1,'MTRs'!$S$6:$S$505,V8) -> 0
V9: Aguardando recebimento | W9: =COUNTIFS('MTRs'!$AY$6:$AY$505,1,'MTRs'!$S$6:$S$505,V9) -> 0
B10: 📄 TOTAL DE MTRs | E10: 🚚⏱ AGUARDANDO RECEBIMENTO | H10: ✅ RECEBIMENTO CONFIRMADO | K10: 🔎 AGUARDANDO CDF | N10: 🗂 DOCUMENTAÇÃO CONFERIDA | Q10: ⚠ REGISTROS A REVISAR | V10: Aguardando CDF | W10: =COUNTIFS('MTRs'!$AY$6:$AY$505,1,'MTRs'!$S$6:$S$505,V10) -> 0
B11: =COUNTIFS('MTRs'!$AY$6:$AY$505,1) -> 0 | E11: =COUNTIFS('MTRs'!$AY$6:$AY$505,1,'MTRs'!$AA$6:$AA$505,0,'MTRs'!$AN$6:$AN$505,0) -> 0 | H11: =COUNTIFS('MTRs'!$AY$6:$AY$505,1,'MTRs'!$AA$6:$AA$505,0,'MTRs'!$AN$6:$AN$505,1) -> 0 | K11: =COUNTIFS('MTRs'!$AY$6:$AY$505,1,'MTRs'!$AA$6:$AA$505,0,'MTRs'!$AN$6:$AN$505,1,'MTRs'!$AO$6:$AO$505,0) -> 0 | N11: =COUNTIFS('MTRs'!$AY$6:$AY$505,1,'MTRs'!$S$6:$S$505,"Documentação conferida") -> 0 | Q11: =COUNTIFS('MTRs'!$AY$6:$AY$505,1,'MTRs'!$S$6:$S$505,"Informação a revisar")+COUNTIFS('MTRs'!$AY$6:$AY$505,1,'MTRs'!$S$6:$S$505,"Cadastro incompleto") -> 0 | V11: Vínculo de CDF parcial | W11: =COUNTIFS('MTRs'!$AY$6:$AY$505,1,'MTRs'!$S$6:$S$505,V11) -> 0
V12: CDF localizado, a conferir | W12: =COUNTIFS('MTRs'!$AY$6:$AY$505,1,'MTRs'!$S$6:$S$505,V12) -> 0
B13: ="Inclui "&COUNTIFS('MTRs'!$AY$6:$AY$505,1,'MTRs'!$AA$6:$AA$505,1)&" com cancelamento informado" -> Inclui 0 com cancelamento informado | E13: ="Sem recebimento informado e conferido" -> Sem recebimento informado e conferido | H13: ="Todos os itens com recebimento conferido" -> Todos os itens com recebimento conferido | K13: ="Recebidos, sem CDF suficiente ou conferido" -> Recebidos, sem CDF suficiente ou conferido | N13: ="Conferência interna concluída" -> Conferência interna concluída | Q13: ="Inconsistências pelas regras internas" -> Inconsistências pelas regras internas | V13: Documentação conferida | W13: =COUNTIFS('MTRs'!$AY$6:$AY$505,1,'MTRs'!$S$6:$S$505,V13) -> 0
V14: Cancelado (informado) | W14: =COUNTIFS('MTRs'!$AY$6:$AY$505,1,'MTRs'!$S$6:$S$505,V14) -> 0
B15: INDICADORES COMPLEMENTARES
B16: Quantidade movimentada (kg) | E16: Com recebimento informado (kg) | H16: Vinculada a CDF (kg) | K16: CDFs cadastrados | N16: CDFs conferidos | Q16: Pendências acompanhadas
B17: =SUMIFS('ITENS_MTR'!$I$6:$I$1005,'ITENS_MTR'!$AP$6:$AP$1005,1,'ITENS_MTR'!$Y$6:$Y$1005,1) -> 0 | E17: =SUMIFS('ITENS_MTR'!$L$6:$L$1005,'ITENS_MTR'!$AP$6:$AP$1005,1) -> 0 | H17: =SUMIFS('ITENS_MTR'!$M$6:$M$1005,'ITENS_MTR'!$AP$6:$AP$1005,1) -> 0 | K17: =COUNTIF('CDFs'!$S$6:$S$505,1) -> 0 | N17: =COUNTIF('CDFs'!$Q$6:$Q$505,"Conferido") -> 0 | Q17: =COUNTIFS('MTRs'!$AY$6:$AY$505,1,'MTRs'!$AV$6:$AV$505,1) -> 0 | V17: Mês | W17: Mês/ano | X17: kg | Y17: Base
B18: ="Itens fora da soma por unidade ou quantidade a conferir: "&COUNTIFS('ITENS_MTR'!$AP$6:$AP$1005,1,'ITENS_MTR'!$Y$6:$Y$1005,0) -> Itens fora da soma por unidade ou quantidade a conferir: 0 | E18: ="Soma dos recebimentos registrados" -> Soma dos recebimentos registrados | H18: ="Soma dos vínculos registrados" -> Soma dos vínculos registrados | K18: ="Total geral, sem filtros" -> Total geral, sem filtros | N18: ="Total geral, sem filtros" -> Total geral, sem filtros | Q18: ="MTRs com pendência principal" -> MTRs com pendência principal | V18: =IF(ISNUMBER(f_ini),DATE(YEAR(f_ini),MONTH(f_ini),1),EDATE(DATE(YEAR(Y18),MONTH(Y18),1),-11)) -> 45962 | W18: =CHOOSE(MONTH(V18),"jan","fev","mar","abr","mai","jun","jul","ago","set","out","nov","dez")&"/"&RIGHT(YEAR(V18),2) -> nov/25 | X18: =SUMIFS('ITENS_MTR'!$I$6:$I$1005,'ITENS_MTR'!$AP$6:$AP$1005,1,'ITENS_MTR'!$Y$6:$Y$1005,1,'ITENS_MTR'!$AQ$6:$AQ$1005,V18) -> 0 | Y18: =IF(ISNUMBER(f_fim),f_fim,IF(MAX('MTRs'!$E$6:$E$505)>0,MAX('MTRs'!$E$6:$E$505),TODAY())) -> 46314
V19: =EDATE(V18,1) -> 45992 | W19: =CHOOSE(MONTH(V19),"jan","fev","mar","abr","mai","jun","jul","ago","set","out","nov","dez")&"/"&RIGHT(YEAR(V19),2) -> dez/25 | X19: =SUMIFS('ITENS_MTR'!$I$6:$I$1005,'ITENS_MTR'!$AP$6:$AP$1005,1,'ITENS_MTR'!$Y$6:$Y$1005,1,'ITENS_MTR'!$AQ$6:$AQ$1005,V19) -> 0
B20: GRÁFICOS | V20: =EDATE(V19,1) -> 46023 | W20: =CHOOSE(MONTH(V20),"jan","fev","mar","abr","mai","jun","jul","ago","set","out","nov","dez")&"/"&RIGHT(YEAR(V20),2) -> jan/26 | X20: =SUMIFS('ITENS_MTR'!$I$6:$I$1005,'ITENS_MTR'!$AP$6:$AP$1005,1,'ITENS_MTR'!$Y$6:$Y$1005,1,'ITENS_MTR'!$AQ$6:$AQ$1005,V20) -> 0
V21: =EDATE(V20,1) -> 46054 | W21: =CHOOSE(MONTH(V21),"jan","fev","mar","abr","mai","jun","jul","ago","set","out","nov","dez")&"/"&RIGHT(YEAR(V21),2) -> fev/26 | X21: =SUMIFS('ITENS_MTR'!$I$6:$I$1005,'ITENS_MTR'!$AP$6:$AP$1005,1,'ITENS_MTR'!$Y$6:$Y$1005,1,'ITENS_MTR'!$AQ$6:$AQ$1005,V21) -> 0
V22: =EDATE(V21,1) -> 46082 | W22: =CHOOSE(MONTH(V22),"jan","fev","mar","abr","mai","jun","jul","ago","set","out","nov","dez")&"/"&RIGHT(YEAR(V22),2) -> mar/26 | X22: =SUMIFS('ITENS_MTR'!$I$6:$I$1005,'ITENS_MTR'!$AP$6:$AP$1005,1,'ITENS_MTR'!$Y$6:$Y$1005,1,'ITENS_MTR'!$AQ$6:$AQ$1005,V22) -> 0
V23: =EDATE(V22,1) -> 46113 | W23: =CHOOSE(MONTH(V23),"jan","fev","mar","abr","mai","jun","jul","ago","set","out","nov","dez")&"/"&RIGHT(YEAR(V23),2) -> abr/26 | X23: =SUMIFS('ITENS_MTR'!$I$6:$I$1005,'ITENS_MTR'!$AP$6:$AP$1005,1,'ITENS_MTR'!$Y$6:$Y$1005,1,'ITENS_MTR'!$AQ$6:$AQ$1005,V23) -> 0
V24: =EDATE(V23,1) -> 46143 | W24: =CHOOSE(MONTH(V24),"jan","fev","mar","abr","mai","jun","jul","ago","set","out","nov","dez")&"/"&RIGHT(YEAR(V24),2) -> mai/26 | X24: =SUMIFS('ITENS_MTR'!$I$6:$I$1005,'ITENS_MTR'!$AP$6:$AP$1005,1,'ITENS_MTR'!$Y$6:$Y$1005,1,'ITENS_MTR'!$AQ$6:$AQ$1005,V24) -> 0
V25: =EDATE(V24,1) -> 46174 | W25: =CHOOSE(MONTH(V25),"jan","fev","mar","abr","mai","jun","jul","ago","set","out","nov","dez")&"/"&RIGHT(YEAR(V25),2) -> jun/26 | X25: =SUMIFS('ITENS_MTR'!$I$6:$I$1005,'ITENS_MTR'!$AP$6:$AP$1005,1,'ITENS_MTR'!$Y$6:$Y$1005,1,'ITENS_MTR'!$AQ$6:$AQ$1005,V25) -> 0
V26: =EDATE(V25,1) -> 46204 | W26: =CHOOSE(MONTH(V26),"jan","fev","mar","abr","mai","jun","jul","ago","set","out","nov","dez")&"/"&RIGHT(YEAR(V26),2) -> jul/26 | X26: =SUMIFS('ITENS_MTR'!$I$6:$I$1005,'ITENS_MTR'!$AP$6:$AP$1005,1,'ITENS_MTR'!$Y$6:$Y$1005,1,'ITENS_MTR'!$AQ$6:$AQ$1005,V26) -> 0
V27: =EDATE(V26,1) -> 46235 | W27: =CHOOSE(MONTH(V27),"jan","fev","mar","abr","mai","jun","jul","ago","set","out","nov","dez")&"/"&RIGHT(YEAR(V27),2) -> ago/26 | X27: =SUMIFS('ITENS_MTR'!$I$6:$I$1005,'ITENS_MTR'!$AP$6:$AP$1005,1,'ITENS_MTR'!$Y$6:$Y$1005,1,'ITENS_MTR'!$AQ$6:$AQ$1005,V27) -> 0
V28: =EDATE(V27,1) -> 46266 | W28: =CHOOSE(MONTH(V28),"jan","fev","mar","abr","mai","jun","jul","ago","set","out","nov","dez")&"/"&RIGHT(YEAR(V28),2) -> set/26 | X28: =SUMIFS('ITENS_MTR'!$I$6:$I$1005,'ITENS_MTR'!$AP$6:$AP$1005,1,'ITENS_MTR'!$Y$6:$Y$1005,1,'ITENS_MTR'!$AQ$6:$AQ$1005,V28) -> 0
V29: =EDATE(V28,1) -> 46296 | W29: =CHOOSE(MONTH(V29),"jan","fev","mar","abr","mai","jun","jul","ago","set","out","nov","dez")&"/"&RIGHT(YEAR(V29),2) -> out/26 | X29: =SUMIFS('ITENS_MTR'!$I$6:$I$1005,'ITENS_MTR'!$AP$6:$AP$1005,1,'ITENS_MTR'!$Y$6:$Y$1005,1,'ITENS_MTR'!$AQ$6:$AQ$1005,V29) -> 0
V32: chave | W32: Resíduo | X32: kg
V33: =IFERROR(LARGE('CAD_RESÍDUOS'!$N$6:$N$205,1),"") | W33: =IF(V33="","",INDEX('CAD_RESÍDUOS'!$B$6:$B$205,MATCH(V33,'CAD_RESÍDUOS'!$N$6:$N$205,0))) | X33: =IF(V33="",0,INDEX('CAD_RESÍDUOS'!$M$6:$M$205,MATCH(V33,'CAD_RESÍDUOS'!$N$6:$N$205,0))) -> 0
V34: =IFERROR(LARGE('CAD_RESÍDUOS'!$N$6:$N$205,2),"") | W34: =IF(V34="","",INDEX('CAD_RESÍDUOS'!$B$6:$B$205,MATCH(V34,'CAD_RESÍDUOS'!$N$6:$N$205,0))) | X34: =IF(V34="",0,INDEX('CAD_RESÍDUOS'!$M$6:$M$205,MATCH(V34,'CAD_RESÍDUOS'!$N$6:$N$205,0))) -> 0
V35: =IFERROR(LARGE('CAD_RESÍDUOS'!$N$6:$N$205,3),"") | W35: =IF(V35="","",INDEX('CAD_RESÍDUOS'!$B$6:$B$205,MATCH(V35,'CAD_RESÍDUOS'!$N$6:$N$205,0))) | X35: =IF(V35="",0,INDEX('CAD_RESÍDUOS'!$M$6:$M$205,MATCH(V35,'CAD_RESÍDUOS'!$N$6:$N$205,0))) -> 0
V36: =IFERROR(LARGE('CAD_RESÍDUOS'!$N$6:$N$205,4),"") | W36: =IF(V36="","",INDEX('CAD_RESÍDUOS'!$B$6:$B$205,MATCH(V36,'CAD_RESÍDUOS'!$N$6:$N$205,0))) | X36: =IF(V36="",0,INDEX('CAD_RESÍDUOS'!$M$6:$M$205,MATCH(V36,'CAD_RESÍDUOS'!$N$6:$N$205,0))) -> 0
V37: =IFERROR(LARGE('CAD_RESÍDUOS'!$N$6:$N$205,5),"") | W37: =IF(V37="","",INDEX('CAD_RESÍDUOS'!$B$6:$B$205,MATCH(V37,'CAD_RESÍDUOS'!$N$6:$N$205,0))) | X37: =IF(V37="",0,INDEX('CAD_RESÍDUOS'!$M$6:$M$205,MATCH(V37,'CAD_RESÍDUOS'!$N$6:$N$205,0))) -> 0
V38: =IFERROR(LARGE('CAD_RESÍDUOS'!$N$6:$N$205,6),"") | W38: =IF(V38="","",INDEX('CAD_RESÍDUOS'!$B$6:$B$205,MATCH(V38,'CAD_RESÍDUOS'!$N$6:$N$205,0))) | X38: =IF(V38="",0,INDEX('CAD_RESÍDUOS'!$M$6:$M$205,MATCH(V38,'CAD_RESÍDUOS'!$N$6:$N$205,0))) -> 0
V39: =IFERROR(LARGE('CAD_RESÍDUOS'!$N$6:$N$205,7),"") | W39: =IF(V39="","",INDEX('CAD_RESÍDUOS'!$B$6:$B$205,MATCH(V39,'CAD_RESÍDUOS'!$N$6:$N$205,0))) | X39: =IF(V39="",0,INDEX('CAD_RESÍDUOS'!$M$6:$M$205,MATCH(V39,'CAD_RESÍDUOS'!$N$6:$N$205,0))) -> 0
V40: =IFERROR(LARGE('CAD_RESÍDUOS'!$N$6:$N$205,8),"") | W40: =IF(V40="","",INDEX('CAD_RESÍDUOS'!$B$6:$B$205,MATCH(V40,'CAD_RESÍDUOS'!$N$6:$N$205,0))) | X40: =IF(V40="",0,INDEX('CAD_RESÍDUOS'!$M$6:$M$205,MATCH(V40,'CAD_RESÍDUOS'!$N$6:$N$205,0))) -> 0
V43: chave | W43: Destinador | X43: MTRs
V44: =IFERROR(LARGE('CAD_PARCEIROS'!$W$6:$W$205,1),"") | W44: =IF(V44="","",INDEX('CAD_PARCEIROS'!$P$6:$P$205,MATCH(V44,'CAD_PARCEIROS'!$W$6:$W$205,0))) | X44: =IF(V44="",0,INDEX('CAD_PARCEIROS'!$V$6:$V$205,MATCH(V44,'CAD_PARCEIROS'!$W$6:$W$205,0))) -> 0
V45: =IFERROR(LARGE('CAD_PARCEIROS'!$W$6:$W$205,2),"") | W45: =IF(V45="","",INDEX('CAD_PARCEIROS'!$P$6:$P$205,MATCH(V45,'CAD_PARCEIROS'!$W$6:$W$205,0))) | X45: =IF(V45="",0,INDEX('CAD_PARCEIROS'!$V$6:$V$205,MATCH(V45,'CAD_PARCEIROS'!$W$6:$W$205,0))) -> 0
V46: =IFERROR(LARGE('CAD_PARCEIROS'!$W$6:$W$205,3),"") | W46: =IF(V46="","",INDEX('CAD_PARCEIROS'!$P$6:$P$205,MATCH(V46,'CAD_PARCEIROS'!$W$6:$W$205,0))) | X46: =IF(V46="",0,INDEX('CAD_PARCEIROS'!$V$6:$V$205,MATCH(V46,'CAD_PARCEIROS'!$W$6:$W$205,0))) -> 0
V47: =IFERROR(LARGE('CAD_PARCEIROS'!$W$6:$W$205,4),"") | W47: =IF(V47="","",INDEX('CAD_PARCEIROS'!$P$6:$P$205,MATCH(V47,'CAD_PARCEIROS'!$W$6:$W$205,0))) | X47: =IF(V47="",0,INDEX('CAD_PARCEIROS'!$V$6:$V$205,MATCH(V47,'CAD_PARCEIROS'!$W$6:$W$205,0))) -> 0
V48: =IFERROR(LARGE('CAD_PARCEIROS'!$W$6:$W$205,5),"") | W48: =IF(V48="","",INDEX('CAD_PARCEIROS'!$P$6:$P$205,MATCH(V48,'CAD_PARCEIROS'!$W$6:$W$205,0))) | X48: =IF(V48="",0,INDEX('CAD_PARCEIROS'!$V$6:$V$205,MATCH(V48,'CAD_PARCEIROS'!$W$6:$W$205,0))) -> 0
V49: =IFERROR(LARGE('CAD_PARCEIROS'!$W$6:$W$205,6),"") | W49: =IF(V49="","",INDEX('CAD_PARCEIROS'!$P$6:$P$205,MATCH(V49,'CAD_PARCEIROS'!$W$6:$W$205,0))) | X49: =IF(V49="",0,INDEX('CAD_PARCEIROS'!$V$6:$V$205,MATCH(V49,'CAD_PARCEIROS'!$W$6:$W$205,0))) -> 0
V50: =IFERROR(LARGE('CAD_PARCEIROS'!$W$6:$W$205,7),"") | W50: =IF(V50="","",INDEX('CAD_PARCEIROS'!$P$6:$P$205,MATCH(V50,'CAD_PARCEIROS'!$W$6:$W$205,0))) | X50: =IF(V50="",0,INDEX('CAD_PARCEIROS'!$V$6:$V$205,MATCH(V50,'CAD_PARCEIROS'!$W$6:$W$205,0))) -> 0
V51: =IFERROR(LARGE('CAD_PARCEIROS'!$W$6:$W$205,8),"") | W51: =IF(V51="","",INDEX('CAD_PARCEIROS'!$P$6:$P$205,MATCH(V51,'CAD_PARCEIROS'!$W$6:$W$205,0))) | X51: =IF(V51="",0,INDEX('CAD_PARCEIROS'!$V$6:$V$205,MATCH(V51,'CAD_PARCEIROS'!$W$6:$W$205,0))) -> 0
B59: ⚠ PENDÊNCIAS QUE PRECISAM DE ACOMPANHAMENTO
B60: As 8 primeiras da Central de Pendências, por prioridade e tempo. Este quadro mostra todos os registros, sem os filtros do topo.
B61: ID do MTR | D61: Nº oficial | F61: Destinador | J61: Tipo de pendência | N61: Tempo (dias) | P61: Próxima ação
B62: ='PENDÊNCIAS'!B11&"" | D62: ='PENDÊNCIAS'!C11&"" | F62: ='PENDÊNCIAS'!F11&"" | J62: ='PENDÊNCIAS'!G11&"" | N62: ='PENDÊNCIAS'!I11 | P62: ='PENDÊNCIAS'!K11&""
B63: ='PENDÊNCIAS'!B12&"" | D63: ='PENDÊNCIAS'!C12&"" | F63: ='PENDÊNCIAS'!F12&"" | J63: ='PENDÊNCIAS'!G12&"" | N63: ='PENDÊNCIAS'!I12 | P63: ='PENDÊNCIAS'!K12&""
B64: ='PENDÊNCIAS'!B13&"" | D64: ='PENDÊNCIAS'!C13&"" | F64: ='PENDÊNCIAS'!F13&"" | J64: ='PENDÊNCIAS'!G13&"" | N64: ='PENDÊNCIAS'!I13 | P64: ='PENDÊNCIAS'!K13&""
B65: ='PENDÊNCIAS'!B14&"" | D65: ='PENDÊNCIAS'!C14&"" | F65: ='PENDÊNCIAS'!F14&"" | J65: ='PENDÊNCIAS'!G14&"" | N65: ='PENDÊNCIAS'!I14 | P65: ='PENDÊNCIAS'!K14&""
B66: ='PENDÊNCIAS'!B15&"" | D66: ='PENDÊNCIAS'!C15&"" | F66: ='PENDÊNCIAS'!F15&"" | J66: ='PENDÊNCIAS'!G15&"" | N66: ='PENDÊNCIAS'!I15 | P66: ='PENDÊNCIAS'!K15&""
B67: ='PENDÊNCIAS'!B16&"" | D67: ='PENDÊNCIAS'!C16&"" | F67: ='PENDÊNCIAS'!F16&"" | J67: ='PENDÊNCIAS'!G16&"" | N67: ='PENDÊNCIAS'!I16 | P67: ='PENDÊNCIAS'!K16&""
B68: ='PENDÊNCIAS'!B17&"" | D68: ='PENDÊNCIAS'!C17&"" | F68: ='PENDÊNCIAS'!F17&"" | J68: ='PENDÊNCIAS'!G17&"" | N68: ='PENDÊNCIAS'!I17 | P68: ='PENDÊNCIAS'!K17&""
B69: ='PENDÊNCIAS'!B18&"" | D69: ='PENDÊNCIAS'!C18&"" | F69: ='PENDÊNCIAS'!F18&"" | J69: ='PENDÊNCIAS'!G18&"" | N69: ='PENDÊNCIAS'!I18 | P69: ='PENDÊNCIAS'!K18&""
B70: =IF(COUNT('MTRs'!$AU$6:$AU$505)=0,"Nenhuma pendência no momento.","Total de pendências na central: "&COUNT('MTRs'!$AU$6:$AU$505)) -> Nenhuma pendência no momento.
P71: Abrir a central completa ▶
B73: Esta ferramenta organiza registros internos e não substitui os documentos oficiais nem os procedimentos exigíveis.

Sheet MTRs
A1: CADASTRO DE MTRs
A2: Cada linha é um MTR. Preencha as colunas azuis com os dados do documento oficial. As colunas cinzas são calculadas pela planilha. Depois de cadastrar o MTR, registre os resíduos dele na aba ITENS_MTR.
A3: ◀ INÍCIO | B3: PAINEL | C3: PENDÊNCIAS | D3: Azul-claro = preencher | Cinza = automático | Linhas prontas: 500 registros
A4: ID FIXO | B4: PREENCHER | C4: PREENCHER | D4: PREENCHER | E4: PREENCHER | F4: PREENCHER | G4: PREENCHER | H4: PREENCHER | I4: PREENCHER | J4: PREENCHER | K4: PREENCHER | L4: PREENCHER | M4: PREENCHER | N4: PREENCHER | O4: PREENCHER | P4: AUTOMÁTICO | Q4: AUTOMÁTICO | R4: AUTOMÁTICO | S4: AUTOMÁTICO | T4: AUTOMÁTICO | U4: AUTOMÁTICO | V4: AUTOMÁTICO | W4: AUTOMÁTICO | X4: AUTOMÁTICO | Y4: AUTOMÁTICO
A5: ID interno do MTR | B5: Número oficial do MTR | C5: Sistema de origem | D5: UF do sistema | E5: Data de emissão | F5: Data de saída | G5: Unidade geradora | H5: Transportador | I5: Unidade destinatária | J5: UF de destino | K5: Situação informada no sistema | L5: Data da última consulta | M5: Link ou caminho do arquivo MTR | N5: Responsável pelo lançamento | O5: Observações | P5: Quantidade total vinculada ao MTR (kg) | Q5: Quantidade recebida registrada (kg) | R5: Quantidade vinculada a CDF (kg) | S5: Situação interna de acompanhamento | T5: Pendência principal | U5: Dias em acompanhamento | V5: Quantidade recebida conferida (kg) | W5: Nº de itens | X5: Alerta de duplicidade | Y5: Todas as pendências identificadas | Z5: aux registro ativo | AA5: aux cancelado | AB5: aux chave duplicidade | AC5: aux duplicado | AD5: aux identificação a revisar | AE5: aux incompleto | AF5: aux itens com dado a revisar | AG5: aux itens recebidos conferidos | AH5: aux itens com quantidade a revisar | AI5: aux itens com CDF ok | AJ5: aux itens com cobertura | AK5: aux recebimentos com alerta | AL5: aux vínculos com alerta | AM5: aux nº recebimentos | AN5: aux recebimento conferido | AO5: aux cdf completo | AP5: aux última data recebimento | AQ5: aux data de referência | AR5: aux acima do prazo interno | AS5: aux prioridade | AT5: aux providência | AU5: aux ordem pendência | AV5: aux tem pendência | AW5: aux texto pendências | AX5: aux filtro painel sem resíduo | AY5: aux filtro painel | AZ5: aux mês emissão | BA5: aux filtro relatórios | BB5: aux ordem relatório 06 | BC5: aux ordem relatório 05 | BD5: aux rótulo seleção | BE5: aux ordem seleção | BF5: aux participante
A6: MTR-000001 | P6: =IF(Z6=0,"",SUMIFS('ITENS_MTR'!$I$6:$I$1005,'ITENS_MTR'!$S$6:$S$1005,A6,'ITENS_MTR'!$Y$6:$Y$1005,1)) | Q6: =IF(Z6=0,"",SUMIFS('RECEBIMENTOS'!$H$6:$H$1005,'RECEBIMENTOS'!$B$6:$B$1005,A6,'RECEBIMENTOS'!$X$6:$X$1005,1)) | R6: =IF(Z6=0,"",SUMIFS('VÍNCULOS_CDF'!$H$6:$H$1005,'VÍNCULOS_CDF'!$D$6:$D$1005,A6,'VÍNCULOS_CDF'!$V$6:$V$1005,1)) | S6: =IF(Z6=0,"",IF(AA6=1,"Cancelado (informado)",IF(AE6=1,"Cadastro incompleto",IF(OR(AC6=1,AD6=1,AF6>0,AH6>0,AK6>0,AL6>0),"Informação a revisar",IF(AN6=0,"Aguardando recebimento",IF(N(R6)=0,"Aguardando CDF",IF(AJ6<N(W6),"Vínculo de CDF parcial",IF(AO6=0,"CDF localizado, a conferir","Documentação conferida")))))))) | T6: =IF(Z6=0,"",IF(S6="Cadastro incompleto","MTR INCOMPLETO",IF(S6="Informação a revisar",IF(AND(AH6>0,AC6=0,AD6=0,AF6=0,AK6=0,AL6=0),"QUANTIDADE A REVISAR","IDENTIFICAÇÃO A REVISAR"),IF(S6="Aguardando recebimento","RECEBIMENTO NÃO CONFIRMADO",IF(S6="Aguardando CDF","CDF NÃO LOCALIZADO",IF(S6="Vínculo de CDF parcial","VÍNCULO INCOMPLETO",IF(S6="CDF localizado, a conferir","CDF A CONFERIR",""))))))) | U6: =IF(T6="","",IF(AQ6="","Não calculável",IF(AQ6>TODAY(),"Data futura",TODAY()-AQ6))) | V6: =IF(Z6=0,"",SUMIFS('RECEBIMENTOS'!$H$6:$H$1005,'RECEBIMENTOS'!$B$6:$B$1005,A6,'RECEBIMENTOS'!$Z$6:$Z$1005,1)) | W6: =IF(Z6=0,"",COUNTIFS('ITENS_MTR'!$S$6:$S$1005,A6,'ITENS_MTR'!$R$6:$R$1005,1)) | X6: =IF(AC6=1,"POSSÍVEL DUPLICIDADE","") | Y6: =IF(Z6=0,"",IF(AW6="","Nenhuma",LEFT(AW6,LEN(AW6)-2))) | Z6: =IF(COUNTA(B6:O6)>0,1,0) -> 0 | AA6: =IF(AND(Z6=1,K6<>""),IF(TRIM(K6)=TRIM(cfg_cancel),1,0),0) -> 0 | AB6: =IF(AND(Z6=1,B6<>""),C6&"|"&D6&"|"&G6&"|"&TRIM(B6),"") | AC6: =IF(AB6="",0,IF(SUMPRODUCT(--($AB$6:$AB$505=AB6))>1,1,0)) -> 0 | AD6: =IF(Z6=0,0,IF(OR(AND(G6<>"",ISNA(MATCH(G6,'CAD_UNIDADES'!$C$6:$C$105,0))),AND(H6<>"",ISNA(MATCH(H6,cmp_transp,0))),AND(I6<>"",ISNA(MATCH(I6,cmp_dest,0))),AND(E6<>"",NOT(ISNUMBER(E6))),AND(F6<>"",NOT(ISNUMBER(F6))),AND(ISNUMBER(E6),ISNUMBER(F6),F6<E6)),1,0)) -> 0 | AE6: =IF(Z6=0,0,IF(OR(B6="",C6="",E6="",G6="",H6="",I6="",N(W6)=0),1,0)) -> 0 | AF6: =IF(Z6=0,0,COUNTIFS('ITENS_MTR'!$S$6:$S$1005,A6,'ITENS_MTR'!$AI$6:$AI$1005,1)) -> 0 | AG6: =IF(Z6=0,0,COUNTIFS('ITENS_MTR'!$S$6:$S$1005,A6,'ITENS_MTR'!$AJ$6:$AJ$1005,1)) -> 0 | AH6: =IF(Z6=0,0,COUNTIFS('ITENS_MTR'!$S$6:$S$1005,A6,'ITENS_MTR'!$AM$6:$AM$1005,1)) -> 0 | AI6: =IF(Z6=0,0,COUNTIFS('ITENS_MTR'!$S$6:$S$1005,A6,'ITENS_MTR'!$AO$6:$AO$1005,1)) -> 0 | AJ6: =IF(Z6=0,0,COUNTIFS('ITENS_MTR'!$S$6:$S$1005,A6,'ITENS_MTR'!$AN$6:$AN$1005,1)) -> 0 | AK6: =IF(Z6=0,0,COUNTIFS('RECEBIMENTOS'!$B$6:$B$1005,A6,'RECEBIMENTOS'!$Y$6:$Y$1005,1)) -> 0 | AL6: =IF(Z6=0,0,COUNTIFS('VÍNCULOS_CDF'!$D$6:$D$1005,A6,'VÍNCULOS_CDF'!$Y$6:$Y$1005,1)) -> 0 | AM6: =IF(Z6=0,0,COUNTIFS('RECEBIMENTOS'!$B$6:$B$1005,A6,'RECEBIMENTOS'!$Q$6:$Q$1005,1)) -> 0 | AN6: =IF(AND(Z6=1,N(W6)>0,AG6=N(W6)),1,0) -> 0 | AO6: =IF(AND(Z6=1,N(W6)>0,AI6=N(W6)),1,0) -> 0 | AP6: =IF(Z6=0,0,_xlfn.MAXIFS('RECEBIMENTOS'!$E$6:$E$1005,'RECEBIMENTOS'!$B$6:$B$1005,A6)) -> 0 | AQ6: =IF(T6="","",IF(T6="RECEBIMENTO NÃO CONFIRMADO",IF(ISNUMBER(F6),F6,IF(ISNUMBER(E6),E6,"")),IF(OR(T6="CDF NÃO LOCALIZADO",T6="VÍNCULO INCOMPLETO",T6="CDF A CONFERIR"),IF(AP6>0,AP6,IF(ISNUMBER(E6),E6,"")),IF(ISNUMBER(E6),E6,"")))) | AR6: =IF(NOT(ISNUMBER(U6)),0,IF(T6="RECEBIMENTO NÃO CONFIRMADO",IF(AND(ISNUMBER(cfg_rec),U6>cfg_rec),1,0),IF(OR(T6="CDF NÃO LOCALIZADO",T6="VÍNCULO INCOMPLETO",T6="CDF A CONFERIR"),IF(AND(ISNUMBER(cfg_cdf),U6>cfg_cdf),1,0),0))) -> 0 | AS6: =IF(T6="","",IF(AR6=1,"Alta",IFERROR(INDEX(cfg_pp,MATCH(T6,cfg_pt,0))&"","Média"))) | AT6: =IF(T6="","",IFERROR(INDEX(cfg_pv,MATCH(T6,cfg_pt,0))&"","")) | AU6: =IF(T6="","",IF(AS6="Alta",1,IF(AS6="Média",2,3))*1000000000+(999999-IF(ISNUMBER(U6),MIN(U6,999999),0))*1000+1) | AV6: =IF(T6<>"",1,0) -> 0 | AW6: =IF(Z6=0,"",IF(AA6=1,"Cancelamento informado; ","")&IF(AE6=1,"Campos essenciais ou itens faltando; ","")&IF(AC6=1,"Possível duplicidade do número; ","")&IF(AD6=1,"Cadastro ou datas a revisar; ","")&IF(AF6>0,"Item de resíduo com dado a revisar; ","")&IF(AH6>0,"Diferença de quantidade a analisar; ","")&IF(AK6>0,"Recebimento com alerta; ","")&IF(AL6>0,"Vínculo de CDF com alerta; ","")&IF(AND(AA6=0,AN6=0),"Recebimento não confirmado; ","")&IF(AND(AA6=0,AN6=1,AO6=0),"CDF pendente ou a conferir; ","")) | AX6: =IF(Z6=0,0,IF(AND(OR(f_ini="",AND(ISNUMBER(E6),E6>=f_ini)),OR(f_fim="",AND(ISNUMBER(E6),E6<=f_fim)),OR(f_un="",f_un="(Todas)",G6=f_un),OR(f_tr="",f_tr="(Todos)",H6=f_tr),OR(f_de="",f_de="(Todos)",I6=f_de),OR(f_sit="",f_sit="(Todas)",S6=f_sit)),1,0)) -> 0 | AY6: =IF(AX6=0,0,IF(OR(f_res="",f_res="(Todos)"),1,IF(COUNTIFS('ITENS_MTR'!$S$6:$S$1005,A6,'ITENS_MTR'!$C$6:$C$1005,f_res)>0,1,0))) -> 0 | AZ6: =IF(ISNUMBER(E6),DATE(YEAR(E6),MONTH(E6),1),"") | BA6: =IF(Z6=0,0,IF(AND(OR(r_ini="",AND(ISNUMBER(E6),E6>=r_ini)),OR(r_fim="",AND(ISNUMBER(E6),E6<=r_fim)),OR(r_un="",r_un="(Todas)",G6=r_un),OR(r_de="",r_de="(Todos)",I6=r_de)),1,0)) -> 0 | BB6: =IF(BA6=1,COUNTIF($BA$6:BA6,1),"") | BC6: =IF(AND(AU6<>"",OR(r_un="",r_un="(Todas)",G6=r_un),OR(r_de="",r_de="(Todos)",I6=r_de)),AU6,"") | BD6: =IF(Z6=1,A6&" | nº "&IF(B6="","(sem número)",B6)&" | "&IF(G6="","(sem unidade)",G6),"") | BE6: =IF(Z6=1,COUNTIF($Z$6:Z6,1),"") | BF6: =IF(T6="","",IF(T6="RECEBIMENTO NÃO CONFIRMADO","Transp.: "&H6&" | Dest.: "&I6,IF(OR(T6="CDF NÃO LOCALIZADO",T6="VÍNCULO INCOMPLETO",T6="CDF A CONFERIR"),"Dest.: "&I6,"Gerador: "&G6)))
A7: MTR-000002 | P7: =IF(Z7=0,"",SUMIFS('ITENS_MTR'!$I$6:$I$1005,'ITENS_MTR'!$S$6:$S$1005,A7,'ITENS_MTR'!$Y$6:$Y$1005,1)) | Q7: =IF(Z7=0,"",SUMIFS('RECEBIMENTOS'!$H$6:$H$1005,'RECEBIMENTOS'!$B$6:$B$1005,A7,'RECEBIMENTOS'!$X$6:$X$1005,1)) | R7: =IF(Z7=0,"",SUMIFS('VÍNCULOS_CDF'!$H$6:$H$1005,'VÍNCULOS_CDF'!$D$6:$D$1005,A7,'VÍNCULOS_CDF'!$V$6:$V$1005,1)) | S7: =IF(Z7=0,"",IF(AA7=1,"Cancelado (informado)",IF(AE7=1,"Cadastro incompleto",IF(OR(AC7=1,AD7=1,AF7>0,AH7>0,AK7>0,AL7>0),"Informação a revisar",IF(AN7=0,"Aguardando recebimento",IF(N(R7)=0,"Aguardando CDF",IF(AJ7<N(W7),"Vínculo de CDF parcial",IF(AO7=0,"CDF localizado, a conferir","Documentação conferida")))))))) | T7: =IF(Z7=0,"",IF(S7="Cadastro incompleto","MTR INCOMPLETO",IF(S7="Informação a revisar",IF(AND(AH7>0,AC7=0,AD7=0,AF7=0,AK7=0,AL7=0),"QUANTIDADE A REVISAR","IDENTIFICAÇÃO A REVISAR"),IF(S7="Aguardando recebimento","RECEBIMENTO NÃO CONFIRMADO",IF(S7="Aguardando CDF","CDF NÃO LOCALIZADO",IF(S7="Vínculo de CDF parcial","VÍNCULO INCOMPLETO",IF(S7="CDF localizado, a conferir","CDF A CONFERIR",""))))))) | U7: =IF(T7="","",IF(AQ7="","Não calculável",IF(AQ7>TODAY(),"Data futura",TODAY()-AQ7))) | V7: =IF(Z7=0,"",SUMIFS('RECEBIMENTOS'!$H$6:$H$1005,'RECEBIMENTOS'!$B$6:$B$1005,A7,'RECEBIMENTOS'!$Z$6:$Z$1005,1)) | W7: =IF(Z7=0,"",COUNTIFS('ITENS_MTR'!$S$6:$S$1005,A7,'ITENS_MTR'!$R$6:$R$1005,1)) | X7: =IF(AC7=1,"POSSÍVEL DUPLICIDADE","") | Y7: =IF(Z7=0,"",IF(AW7="","Nenhuma",LEFT(AW7,LEN(AW7)-2))) | Z7: =IF(COUNTA(B7:O7)>0,1,0) -> 0 | AA7: =IF(AND(Z7=1,K7<>""),IF(TRIM(K7)=TRIM(cfg_cancel),1,0),0) -> 0 | AB7: =IF(AND(Z7=1,B7<>""),C7&"|"&D7&"|"&G7&"|"&TRIM(B7),"") | AC7: =IF(AB7="",0,IF(SUMPRODUCT(--($AB$6:$AB$505=AB7))>1,1,0)) -> 0 | AD7: =IF(Z7=0,0,IF(OR(AND(G7<>"",ISNA(MATCH(G7,'CAD_UNIDADES'!$C$6:$C$105,0))),AND(H7<>"",ISNA(MATCH(H7,cmp_transp,0))),AND(I7<>"",ISNA(MATCH(I7,cmp_dest,0))),AND(E7<>"",NOT(ISNUMBER(E7))),AND(F7<>"",NOT(ISNUMBER(F7))),AND(ISNUMBER(E7),ISNUMBER(F7),F7<E7)),1,0)) -> 0 | AE7: =IF(Z7=0,0,IF(OR(B7="",C7="",E7="",G7="",H7="",I7="",N(W7)=0),1,0)) -> 0 | AF7: =IF(Z7=0,0,COUNTIFS('ITENS_MTR'!$S$6:$S$1005,A7,'ITENS_MTR'!$AI$6:$AI$1005,1)) -> 0 | AG7: =IF(Z7=0,0,COUNTIFS('ITENS_MTR'!$S$6:$S$1005,A7,'ITENS_MTR'!$AJ$6:$AJ$1005,1)) -> 0 | AH7: =IF(Z7=0,0,COUNTIFS('ITENS_MTR'!$S$6:$S$1005,A7,'ITENS_MTR'!$AM$6:$AM$1005,1)) -> 0 | AI7: =IF(Z7=0,0,COUNTIFS('ITENS_MTR'!$S$6:$S$1005,A7,'ITENS_MTR'!$AO$6:$AO$1005,1)) -> 0 | AJ7: =IF(Z7=0,0,COUNTIFS('ITENS_MTR'!$S$6:$S$1005,A7,'ITENS_MTR'!$AN$6:$AN$1005,1)) -> 0 | AK7: =IF(Z7=0,0,COUNTIFS('RECEBIMENTOS'!$B$6:$B$1005,A7,'RECEBIMENTOS'!$Y$6:$Y$1005,1)) -> 0 | AL7: =IF(Z7=0,0,COUNTIFS('VÍNCULOS_CDF'!$D$6:$D$1005,A7,'VÍNCULOS_CDF'!$Y$6:$Y$1005,1)) -> 0 | AM7: =IF(Z7=0,0,COUNTIFS('RECEBIMENTOS'!$B$6:$B$1005,A7,'RECEBIMENTOS'!$Q$6:$Q$1005,1)) -> 0 | AN7: =IF(AND(Z7=1,N(W7)>0,AG7=N(W7)),1,0) -> 0 | AO7: =IF(AND(Z7=1,N(W7)>0,AI7=N(W7)),1,0) -> 0 | AP7: =IF(Z7=0,0,_xlfn.MAXIFS('RECEBIMENTOS'!$E$6:$E$1005,'RECEBIMENTOS'!$B$6:$B$1005,A7)) -> 0 | AQ7: =IF(T7="","",IF(T7="RECEBIMENTO NÃO CONFIRMADO",IF(ISNUMBER(F7),F7,IF(ISNUMBER(E7),E7,"")),IF(OR(T7="CDF NÃO LOCALIZADO",T7="VÍNCULO INCOMPLETO",T7="CDF A CONFERIR"),IF(AP7>0,AP7,IF(ISNUMBER(E7),E7,"")),IF(ISNUMBER(E7),E7,"")))) | AR7: =IF(NOT(ISNUMBER(U7)),0,IF(T7="RECEBIMENTO NÃO CONFIRMADO",IF(AND(ISNUMBER(cfg_rec),U7>cfg_rec),1,0),IF(OR(T7="CDF NÃO LOCALIZADO",T7="VÍNCULO INCOMPLETO",T7="CDF A CONFERIR"),IF(AND(ISNUMBER(cfg_cdf),U7>cfg_cdf),1,0),0))) -> 0 | AS7: =IF(T7="","",IF(AR7=1,"Alta",IFERROR(INDEX(cfg_pp,MATCH(T7,cfg_pt,0))&"","Média"))) | AT7: =IF(T7="","",IFERROR(INDEX(cfg_pv,MATCH(T7,cfg_pt,0))&"","")) | AU7: =IF(T7="","",IF(AS7="Alta",1,IF(AS7="Média",2,3))*1000000000+(999999-IF(ISNUMBER(U7),MIN(U7,999999),0))*1000+2) | AV7: =IF(T7<>"",1,0) -> 0 | AW7: =IF(Z7=0,"",IF(AA7=1,"Cancelamento informado; ","")&IF(AE7=1,"Campos essenciais ou itens faltando; ","")&IF(AC7=1,"Possível duplicidade do número; ","")&IF(AD7=1,"Cadastro ou datas a revisar; ","")&IF(AF7>0,"Item de resíduo com dado a revisar; ","")&IF(AH7>0,"Diferença de quantidade a analisar; ","")&IF(AK7>0,"Recebimento com alerta; ","")&IF(AL7>0,"Vínculo de CDF com alerta; ","")&IF(AND(AA7=0,AN7=0),"Recebimento não confirmado; ","")&IF(AND(AA7=0,AN7=1,AO7=0),"CDF pendente ou a conferir; ","")) | AX7: =IF(Z7=0,0,IF(AND(OR(f_ini="",AND(ISNUMBER(E7),E7>=f_ini)),OR(f_fim="",AND(ISNUMBER(E7),E7<=f_fim)),OR(f_un="",f_un="(Todas)",G7=f_un),OR(f_tr="",f_tr="(Todos)",H7=f_tr),OR(f_de="",f_de="(Todos)",I7=f_de),OR(f_sit="",f_sit="(Todas)",S7=f_sit)),1,0)) -> 0 | AY7: =IF(AX7=0,0,IF(OR(f_res="",f_res="(Todos)"),1,IF(COUNTIFS('ITENS_MTR'!$S$6:$S$1005,A7,'ITENS_MTR'!$C$6:$C$1005,f_res)>0,1,0))) -> 0 | AZ7: =IF(ISNUMBER(E7),DATE(YEAR(E7),MONTH(E7),1),"") | BA7: =IF(Z7=0,0,IF(AND(OR(r_ini="",AND(ISNUMBER(E7),E7>=r_ini)),OR(r_fim="",AND(ISNUMBER(E7),E7<=r_fim)),OR(r_un="",r_un="(Todas)",G7=r_un),OR(r_de="",r_de="(Todos)",I7=r_de)),1,0)) -> 0 | BB7: =IF(BA7=1,COUNTIF($BA$6:BA7,1),"") | BC7: =IF(AND(AU7<>"",OR(r_un="",r_un="(Todas)",G7=r_un),OR(r_de="",r_de="(Todos)",I7=r_de)),AU7,"") | BD7: =IF(Z7=1,A7&" | nº "&IF(B7="","(sem número)",B7)&" | "&IF(G7="","(sem unidade)",G7),"") | BE7: =IF(Z7=1,COUNTIF($Z$6:Z7,1),"") | BF7: =IF(T7="","",IF(T7="RECEBIMENTO NÃO CONFIRMADO","Transp.: "&H7&" | Dest.: "&I7,IF(OR(T7="CDF NÃO LOCALIZADO",T7="VÍNCULO INCOMPLETO",T7="CDF A CONFERIR"),"Dest.: "&I7,"Gerador: "&G7)))
A8: MTR-000003 | P8: =IF(Z8=0,"",SUMIFS('ITENS_MTR'!$I$6:$I$1005,'ITENS_MTR'!$S$6:$S$1005,A8,'ITENS_MTR'!$Y$6:$Y$1005,1)) | Q8: =IF(Z8=0,"",SUMIFS('RECEBIMENTOS'!$H$6:$H$1005,'RECEBIMENTOS'!$B$6:$B$1005,A8,'RECEBIMENTOS'!$X$6:$X$1005,1)) | R8: =IF(Z8=0,"",SUMIFS('VÍNCULOS_CDF'!$H$6:$H$1005,'VÍNCULOS_CDF'!$D$6:$D$1005,A8,'VÍNCULOS_CDF'!$V$6:$V$1005,1)) | S8: =IF(Z8=0,"",IF(AA8=1,"Cancelado (informado)",IF(AE8=1,"Cadastro incompleto",IF(OR(AC8=1,AD8=1,AF8>0,AH8>0,AK8>0,AL8>0),"Informação a revisar",IF(AN8=0,"Aguardando recebimento",IF(N(R8)=0,"Aguardando CDF",IF(AJ8<N(W8),"Vínculo de CDF parcial",IF(AO8=0,"CDF localizado, a conferir","Documentação conferida")))))))) | T8: =IF(Z8=0,"",IF(S8="Cadastro incompleto","MTR INCOMPLETO",IF(S8="Informação a revisar",IF(AND(AH8>0,AC8=0,AD8=0,AF8=0,AK8=0,AL8=0),"QUANTIDADE A REVISAR","IDENTIFICAÇÃO A REVISAR"),IF(S8="Aguardando recebimento","RECEBIMENTO NÃO CONFIRMADO",IF(S8="Aguardando CDF","CDF NÃO LOCALIZADO",IF(S8="Vínculo de CDF parcial","VÍNCULO INCOMPLETO",IF(S8="CDF localizado, a conferir","CDF A CONFERIR",""))))))) | U8: =IF(T8="","",IF(AQ8="","Não calculável",IF(AQ8>TODAY(),"Data futura",TODAY()-AQ8))) | V8: =IF(Z8=0,"",SUMIFS('RECEBIMENTOS'!$H$6:$H$1005,'RECEBIMENTOS'!$B$6:$B$1005,A8,'RECEBIMENTOS'!$Z$6:$Z$1005,1)) | W8: =IF(Z8=0,"",COUNTIFS('ITENS_MTR'!$S$6:$S$1005,A8,'ITENS_MTR'!$R$6:$R$1005,1)) | X8: =IF(AC8=1,"POSSÍVEL DUPLICIDADE","") | Y8: =IF(Z8=0,"",IF(AW8="","Nenhuma",LEFT(AW8,LEN(AW8)-2))) | Z8: =IF(COUNTA(B8:O8)>0,1,0) -> 0 | AA8: =IF(AND(Z8=1,K8<>""),IF(TRIM(K8)=TRIM(cfg_cancel),1,0),0) -> 0 | AB8: =IF(AND(Z8=1,B8<>""),C8&"|"&D8&"|"&G8&"|"&TRIM(B8),"") | AC8: =IF(AB8="",0,IF(SUMPRODUCT(--($AB$6:$AB$505=AB8))>1,1,0)) -> 0 | AD8: =IF(Z8=0,0,IF(OR(AND(G8<>"",ISNA(MATCH(G8,'CAD_UNIDADES'!$C$6:$C$105,0))),AND(H8<>"",ISNA(MATCH(H8,cmp_transp,0))),AND(I8<>"",ISNA(MATCH(I8,cmp_dest,0))),AND(E8<>"",NOT(ISNUMBER(E8))),AND(F8<>"",NOT(ISNUMBER(F8))),AND(ISNUMBER(E8),ISNUMBER(F8),F8<E8)),1,0)) -> 0 | AE8: =IF(Z8=0,0,IF(OR(B8="",C8="",E8="",G8="",H8="",I8="",N(W8)=0),1,0)) -> 0 | AF8: =IF(Z8=0,0,COUNTIFS('ITENS_MTR'!$S$6:$S$1005,A8,'ITENS_MTR'!$AI$6:$AI$1005,1)) -> 0 | AG8: =IF(Z8=0,0,COUNTIFS('ITENS_MTR'!$S$6:$S$1005,A8,'ITENS_MTR'!$AJ$6:$AJ$1005,1)) -> 0 | AH8: =IF(Z8=0,0,COUNTIFS('ITENS_MTR'!$S$6:$S$1005,A8,'ITENS_MTR'!$AM$6:$AM$1005,1)) -> 0 | AI8: =IF(Z8=0,0,COUNTIFS('ITENS_MTR'!$S$6:$S$1005,A8,'ITENS_MTR'!$AO$6:$AO$1005,1)) -> 0 | AJ8: =IF(Z8=0,0,COUNTIFS('ITENS_MTR'!$S$6:$S$1005,A8,'ITENS_MTR'!$AN$6:$AN$1005,1)) -> 0 | AK8: =IF(Z8=0,0,COUNTIFS('RECEBIMENTOS'!$B$6:$B$1005,A8,'RECEBIMENTOS'!$Y$6:$Y$1005,1)) -> 0 | AL8: =IF(Z8=0,0,COUNTIFS('VÍNCULOS_CDF'!$D$6:$D$1005,A8,'VÍNCULOS_CDF'!$Y$6:$Y$1005,1)) -> 0 | AM8: =IF(Z8=0,0,COUNTIFS('RECEBIMENTOS'!$B$6:$B$1005,A8,'RECEBIMENTOS'!$Q$6:$Q$1005,1)) -> 0 | AN8: =IF(AND(Z8=1,N(W8)>0,AG8=N(W8)),1,0) -> 0 | AO8: =IF(AND(Z8=1,N(W8)>0,AI8=N(W8)),1,0) -> 0 | AP8: =IF(Z8=0,0,_xlfn.MAXIFS('RECEBIMENTOS'!$E$6:$E$1005,'RECEBIMENTOS'!$B$6:$B$1005,A8)) -> 0 | AQ8: =IF(T8="","",IF(T8="RECEBIMENTO NÃO CONFIRMADO",IF(ISNUMBER(F8),F8,IF(ISNUMBER(E8),E8,"")),IF(OR(T8="CDF NÃO LOCALIZADO",T8="VÍNCULO INCOMPLETO",T8="CDF A CONFERIR"),IF(AP8>0,AP8,IF(ISNUMBER(E8),E8,"")),IF(ISNUMBER(E8),E8,"")))) | AR8: =IF(NOT(ISNUMBER(U8)),0,IF(T8="RECEBIMENTO NÃO CONFIRMADO",IF(AND(ISNUMBER(cfg_rec),U8>cfg_rec),1,0),IF(OR(T8="CDF NÃO LOCALIZADO",T8="VÍNCULO INCOMPLETO",T8="CDF A CONFERIR"),IF(AND(ISNUMBER(cfg_cdf),U8>cfg_cdf),1,0),0))) -> 0 | AS8: =IF(T8="","",IF(AR8=1,"Alta",IFERROR(INDEX(cfg_pp,MATCH(T8,cfg_pt,0))&"","Média"))) | AT8: =IF(T8="","",IFERROR(INDEX(cfg_pv,MATCH(T8,cfg_pt,0))&"","")) | AU8: =IF(T8="","",IF(AS8="Alta",1,IF(AS8="Média",2,3))*1000000000+(999999-IF(ISNUMBER(U8),MIN(U8,999999),0))*1000+3) | AV8: =IF(T8<>"",1,0) -> 0 | AW8: =IF(Z8=0,"",IF(AA8=1,"Cancelamento informado; ","")&IF(AE8=1,"Campos essenciais ou itens faltando; ","")&IF(AC8=1,"Possível duplicidade do número; ","")&IF(AD8=1,"Cadastro ou datas a revisar; ","")&IF(AF8>0,"Item de resíduo com dado a revisar; ","")&IF(AH8>0,"Diferença de quantidade a analisar; ","")&IF(AK8>0,"Recebimento com alerta; ","")&IF(AL8>0,"Vínculo de CDF com alerta; ","")&IF(AND(AA8=0,AN8=0),"Recebimento não confirmado; ","")&IF(AND(AA8=0,AN8=1,AO8=0),"CDF pendente ou a conferir; ","")) | AX8: =IF(Z8=0,0,IF(AND(OR(f_ini="",AND(ISNUMBER(E8),E8>=f_ini)),OR(f_fim="",AND(ISNUMBER(E8),E8<=f_fim)),OR(f_un="",f_un="(Todas)",G8=f_un),OR(f_tr="",f_tr="(Todos)",H8=f_tr),OR(f_de="",f_de="(Todos)",I8=f_de),OR(f_sit="",f_sit="(Todas)",S8=f_sit)),1,0)) -> 0 | AY8: =IF(AX8=0,0,IF(OR(f_res="",f_res="(Todos)"),1,IF(COUNTIFS('ITENS_MTR'!$S$6:$S$1005,A8,'ITENS_MTR'!$C$6:$C$1005,f_res)>0,1,0))) -> 0 | AZ8: =IF(ISNUMBER(E8),DATE(YEAR(E8),MONTH(E8),1),"") | BA8: =IF(Z8=0,0,IF(AND(OR(r_ini="",AND(ISNUMBER(E8),E8>=r_ini)),OR(r_fim="",AND(ISNUMBER(E8),E8<=r_fim)),OR(r_un="",r_un="(Todas)",G8=r_un),OR(r_de="",r_de="(Todos)",I8=r_de)),1,0)) -> 0 | BB8: =IF(BA8=1,COUNTIF($BA$6:BA8,1),"") | BC8: =IF(AND(AU8<>"",OR(r_un="",r_un="(Todas)",G8=r_un),OR(r_de="",r_de="(Todos)",I8=r_de)),AU8,"") | BD8: =IF(Z8=1,A8&" | nº "&IF(B8="","(sem número)",B8)&" | "&IF(G8="","(sem unidade)",G8),"") | BE8: =IF(Z8=1,COUNTIF($Z$6:Z8,1),"") | BF8: =IF(T8="","",IF(T8="RECEBIMENTO NÃO CONFIRMADO","Transp.: "&H8&" | Dest.: "&I8,IF(OR(T8="CDF NÃO LOCALIZADO",T8="VÍNCULO INCOMPLETO",T8="CDF A CONFERIR"),"Dest.: "&I8,"Gerador: "&G8)))
A9: MTR-000004 | P9: =IF(Z9=0,"",SUMIFS('ITENS_MTR'!$I$6:$I$1005,'ITENS_MTR'!$S$6:$S$1005,A9,'ITENS_MTR'!$Y$6:$Y$1005,1)) | Q9: =IF(Z9=0,"",SUMIFS('RECEBIMENTOS'!$H$6:$H$1005,'RECEBIMENTOS'!$B$6:$B$1005,A9,'RECEBIMENTOS'!$X$6:$X$1005,1)) | R9: =IF(Z9=0,"",SUMIFS('VÍNCULOS_CDF'!$H$6:$H$1005,'VÍNCULOS_CDF'!$D$6:$D$1005,A9,'VÍNCULOS_CDF'!$V$6:$V$1005,1)) | S9: =IF(Z9=0,"",IF(AA9=1,"Cancelado (informado)",IF(AE9=1,"Cadastro incompleto",IF(OR(AC9=1,AD9=1,AF9>0,AH9>0,AK9>0,AL9>0),"Informação a revisar",IF(AN9=0,"Aguardando recebimento",IF(N(R9)=0,"Aguardando CDF",IF(AJ9<N(W9),"Vínculo de CDF parcial",IF(AO9=0,"CDF localizado, a conferir","Documentação conferida")))))))) | T9: =IF(Z9=0,"",IF(S9="Cadastro incompleto","MTR INCOMPLETO",IF(S9="Informação a revisar",IF(AND(AH9>0,AC9=0,AD9=0,AF9=0,AK9=0,AL9=0),"QUANTIDADE A REVISAR","IDENTIFICAÇÃO A REVISAR"),IF(S9="Aguardando recebimento","RECEBIMENTO NÃO CONFIRMADO",IF(S9="Aguardando CDF","CDF NÃO LOCALIZADO",IF(S9="Vínculo de CDF parcial","VÍNCULO INCOMPLETO",IF(S9="CDF localizado, a conferir","CDF A CONFERIR",""))))))) | U9: =IF(T9="","",IF(AQ9="","Não calculável",IF(AQ9>TODAY(),"Data futura",TODAY()-AQ9))) | V9: =IF(Z9=0,"",SUMIFS('RECEBIMENTOS'!$H$6:$H$1005,'RECEBIMENTOS'!$B$6:$B$1005,A9,'RECEBIMENTOS'!$Z$6:$Z$1005,1)) | W9: =IF(Z9=0,"",COUNTIFS('ITENS_MTR'!$S$6:$S$1005,A9,'ITENS_MTR'!$R$6:$R$1005,1)) | X9: =IF(AC9=1,"POSSÍVEL DUPLICIDADE","") | Y9: =IF(Z9=0,"",IF(AW9="","Nenhuma",LEFT(AW9,LEN(AW9)-2))) | Z9: =IF(COUNTA(B9:O9)>0,1,0) -> 0 | AA9: =IF(AND(Z9=1,K9<>""),IF(TRIM(K9)=TRIM(cfg_cancel),1,0),0) -> 0 | AB9: =IF(AND(Z9=1,B9<>""),C9&"|"&D9&"|"&G9&"|"&TRIM(B9),"") | AC9: =IF(AB9="",0,IF(SUMPRODUCT(--($AB$6:$AB$505=AB9))>1,1,0)) -> 0 | AD9: =IF(Z9=0,0,IF(OR(AND(G9<>"",ISNA(MATCH(G9,'CAD_UNIDADES'!$C$6:$C$105,0))),AND(H9<>"",ISNA(MATCH(H9,cmp_transp,0))),AND(I9<>"",ISNA(MATCH(I9,cmp_dest,0))),AND(E9<>"",NOT(ISNUMBER(E9))),AND(F9<>"",NOT(ISNUMBER(F9))),AND(ISNUMBER(E9),ISNUMBER(F9),F9<E9)),1,0)) -> 0 | AE9: =IF(Z9=0,0,IF(OR(B9="",C9="",E9="",G9="",H9="",I9="",N(W9)=0),1,0)) -> 0 | AF9: =IF(Z9=0,0,COUNTIFS('ITENS_MTR'!$S$6:$S$1005,A9,'ITENS_MTR'!$AI$6:$AI$1005,1)) -> 0 | AG9: =IF(Z9=0,0,COUNTIFS('ITENS_MTR'!$S$6:$S$1005,A9,'ITENS_MTR'!$AJ$6:$AJ$1005,1)) -> 0 | AH9: =IF(Z9=0,0,COUNTIFS('ITENS_MTR'!$S$6:$S$1005,A9,'ITENS_MTR'!$AM$6:$AM$1005,1)) -> 0 | AI9: =IF(Z9=0,0,COUNTIFS('ITENS_MTR'!$S$6:$S$1005,A9,'ITENS_MTR'!$AO$6:$AO$1005,1)) -> 0 | AJ9: =IF(Z9=0,0,COUNTIFS('ITENS_MTR'!$S$6:$S$1005,A9,'ITENS_MTR'!$AN$6:$AN$1005,1)) -> 0 | AK9: =IF(Z9=0,0,COUNTIFS('RECEBIMENTOS'!$B$6:$B$1005,A9,'RECEBIMENTOS'!$Y$6:$Y$1005,1)) -> 0 | AL9: =IF(Z9=0,0,COUNTIFS('VÍNCULOS_CDF'!$D$6:$D$1005,A9,'VÍNCULOS_CDF'!$Y$6:$Y$1005,1)) -> 0 | AM9: =IF(Z9=0,0,COUNTIFS('RECEBIMENTOS'!$B$6:$B$1005,A9,'RECEBIMENTOS'!$Q$6:$Q$1005,1)) -> 0 | AN9: =IF(AND(Z9=1,N(W9)>0,AG9=N(W9)),1,0) -> 0 | AO9: =IF(AND(Z9=1,N(W9)>0,AI9=N(W9)),1,0) -> 0 | AP9: =IF(Z9=0,0,_xlfn.MAXIFS('RECEBIMENTOS'!$E$6:$E$1005,'RECEBIMENTOS'!$B$6:$B$1005,A9)) -> 0 | AQ9: =IF(T9="","",IF(T9="RECEBIMENTO NÃO CONFIRMADO",IF(ISNUMBER(F9),F9,IF(ISNUMBER(E9),E9,"")),IF(OR(T9="CDF NÃO LOCALIZADO",T9="VÍNCULO INCOMPLETO",T9="CDF A CONFERIR"),IF(AP9>0,AP9,IF(ISNUMBER(E9),E9,"")),IF(ISNUMBER(E9),E9,"")))) | AR9: =IF(NOT(ISNUMBER(U9)),0,IF(T9="RECEBIMENTO NÃO CONFIRMADO",IF(AND(ISNUMBER(cfg_rec),U9>cfg_rec),1,0),IF(OR(T9="CDF NÃO LOCALIZADO",T9="VÍNCULO INCOMPLETO",T9="CDF A CONFERIR"),IF(AND(ISNUMBER(cfg_cdf),U9>cfg_cdf),1,0),0))) -> 0 | AS9: =IF(T9="","",IF(AR9=1,"Alta",IFERROR(INDEX(cfg_pp,MATCH(T9,cfg_pt,0))&"","Média"))) | AT9: =IF(T9="","",IFERROR(INDEX(cfg_pv,MATCH(T9,cfg_pt,0))&"","")) | AU9: =IF(T9="","",IF(AS9="Alta",1,IF(AS9="Média",2,3))*1000000000+(999999-IF(ISNUMBER(U9),MIN(U9,999999),0))*1000+4) | AV9: =IF(T9<>"",1,0) -> 0 | AW9: =IF(Z9=0,"",IF(AA9=1,"Cancelamento informado; ","")&IF(AE9=1,"Campos essenciais ou itens faltando; ","")&IF(AC9=1,"Possível duplicidade do número; ","")&IF(AD9=1,"Cadastro ou datas a revisar; ","")&IF(AF9>0,"Item de resíduo com dado a revisar; ","")&IF(AH9>0,"Diferença de quantidade a analisar; ","")&IF(AK9>0,"Recebimento com alerta; ","")&IF(AL9>0,"Vínculo de CDF com alerta; ","")&IF(AND(AA9=0,AN9=0),"Recebimento não confirmado; ","")&IF(AND(AA9=0,AN9=1,AO9=0),"CDF pendente ou a conferir; ","")) | AX9: =IF(Z9=0,0,IF(AND(OR(f_ini="",AND(ISNUMBER(E9),E9>=f_ini)),OR(f_fim="",AND(ISNUMBER(E9),E9<=f_fim)),OR(f_un="",f_un="(Todas)",G9=f_un),OR(f_tr="",f_tr="(Todos)",H9=f_tr),OR(f_de="",f_de="(Todos)",I9=f_de),OR(f_sit="",f_sit="(Todas)",S9=f_sit)),1,0)) -> 0 | AY9: =IF(AX9=0,0,IF(OR(f_res="",f_res="(Todos)"),1,IF(COUNTIFS('ITENS_MTR'!$S$6:$S$1005,A9,'ITENS_MTR'!$C$6:$C$1005,f_res)>0,1,0))) -> 0 | AZ9: =IF(ISNUMBER(E9),DATE(YEAR(E9),MONTH(E9),1),"") | BA9: =IF(Z9=0,0,IF(AND(OR(r_ini="",AND(ISNUMBER(E9),E9>=r_ini)),OR(r_fim="",AND(ISNUMBER(E9),E9<=r_fim)),OR(r_un="",r_un="(Todas)",G9=r_un),OR(r_de="",r_de="(Todos)",I9=r_de)),1,0)) -> 0 | BB9: =IF(BA9=1,COUNTIF($BA$6:BA9,1),"") | BC9: =IF(AND(AU9<>"",OR(r_un="",r_un="(Todas)",G9=r_un),OR(r_de="",r_de="(Todos)",I9=r_de)),AU9,"") | BD9: =IF(Z9=1,A9&" | nº "&IF(B9="","(sem número)",B9)&" | "&IF(G9="","(sem unidade)",G9),"") | BE9: =IF(Z9=1,COUNTIF($Z$6:Z9,1),"") | BF9: =IF(T9="","",IF(T9="RECEBIMENTO NÃO CONFIRMADO","Transp.: "&H9&" | Dest.: "&I9,IF(OR(T9="CDF NÃO LOCALIZADO",T9="VÍNCULO INCOMPLETO",T9="CDF A CONFERIR"),"Dest.: "&I9,"Gerador: "&G9)))
A10: MTR-000005 | P10: =IF(Z10=0,"",SUMIFS('ITENS_MTR'!$I$6:$I$1005,'ITENS_MTR'!$S$6:$S$1005,A10,'ITENS_MTR'!$Y$6:$Y$1005,1)) | Q10: =IF(Z10=0,"",SUMIFS('RECEBIMENTOS'!$H$6:$H$1005,'RECEBIMENTOS'!$B$6:$B$1005,A10,'RECEBIMENTOS'!$X$6:$X$1005,1)) | R10: =IF(Z10=0,"",SUMIFS('VÍNCULOS_CDF'!$H$6:$H$1005,'VÍNCULOS_CDF'!$D$6:$D$1005,A10,'VÍNCULOS_CDF'!$V$6:$V$1005,1)) | S10: =IF(Z10=0,"",IF(AA10=1,"Cancelado (informado)",IF(AE10=1,"Cadastro incompleto",IF(OR(AC10=1,AD10=1,AF10>0,AH10>0,AK10>0,AL10>0),"Informação a revisar",IF(AN10=0,"Aguardando recebimento",IF(N(R10)=0,"Aguardando CDF",IF(AJ10<N(W10),"Vínculo de CDF parcial",IF(AO10=0,"CDF localizado, a conferir","Documentação conferida")))))))) | T10: =IF(Z10=0,"",IF(S10="Cadastro incompleto","MTR INCOMPLETO",IF(S10="Informação a revisar",IF(AND(AH10>0,AC10=0,AD10=0,AF10=0,AK10=0,AL10=0),"QUANTIDADE A REVISAR","IDENTIFICAÇÃO A REVISAR"),IF(S10="Aguardando recebimento","RECEBIMENTO NÃO CONFIRMADO",IF(S10="Aguardando CDF","CDF NÃO LOCALIZADO",IF(S10="Vínculo de CDF parcial","VÍNCULO INCOMPLETO",IF(S10="CDF localizado, a conferir","CDF A CONFERIR",""))))))) | U10: =IF(T10="","",IF(AQ10="","Não calculável",IF(AQ10>TODAY(),"Data futura",TODAY()-AQ10))) | V10: =IF(Z10=0,"",SUMIFS('RECEBIMENTOS'!$H$6:$H$1005,'RECEBIMENTOS'!$B$6:$B$1005,A10,'RECEBIMENTOS'!$Z$6:$Z$1005,1)) | W10: =IF(Z10=0,"",COUNTIFS('ITENS_MTR'!$S$6:$S$1005,A10,'ITENS_MTR'!$R$6:$R$1005,1)) | X10: =IF(AC10=1,"POSSÍVEL DUPLICIDADE","") | Y10: =IF(Z10=0,"",IF(AW10="","Nenhuma",LEFT(AW10,LEN(AW10)-2))) | Z10: =IF(COUNTA(B10:O10)>0,1,0) -> 0 | AA10: =IF(AND(Z10=1,K10<>""),IF(TRIM(K10)=TRIM(cfg_cancel),1,0),0) -> 0 | AB10: =IF(AND(Z10=1,B10<>""),C10&"|"&D10&"|"&G10&"|"&TRIM(B10),"") | AC10: =IF(AB10="",0,IF(SUMPRODUCT(--($AB$6:$AB$505=AB10))>1,1,0)) -> 0 | AD10: =IF(Z10=0,0,IF(OR(AND(G10<>"",ISNA(MATCH(G10,'CAD_UNIDADES'!$C$6:$C$105,0))),AND(H10<>"",ISNA(MATCH(H10,cmp_transp,0))),AND(I10<>"",ISNA(MATCH(I10,cmp_dest,0))),AND(E10<>"",NOT(ISNUMBER(E10))),AND(F10<>"",NOT(ISNUMBER(F10))),AND(ISNUMBER(E10),ISNUMBER(F10),F10<E10)),1,0)) -> 0 | AE10: =IF(Z10=0,0,IF(OR(B10="",C10="",E10="",G10="",H10="",I10="",N(W10)=0),1,0)) -> 0 | AF10: =IF(Z10=0,0,COUNTIFS('ITENS_MTR'!$S$6:$S$1005,A10,'ITENS_MTR'!$AI$6:$AI$1005,1)) -> 0 | AG10: =IF(Z10=0,0,COUNTIFS('ITENS_MTR'!$S$6:$S$1005,A10,'ITENS_MTR'!$AJ$6:$AJ$1005,1)) -> 0 | AH10: =IF(Z10=0,0,COUNTIFS('ITENS_MTR'!$S$6:$S$1005,A10,'ITENS_MTR'!$AM$6:$AM$1005,1)) -> 0 | AI10: =IF(Z10=0,0,COUNTIFS('ITENS_MTR'!$S$6:$S$1005,A10,'ITENS_MTR'!$AO$6:$AO$1005,1)) -> 0 | AJ10: =IF(Z10=0,0,COUNTIFS('ITENS_MTR'!$S$6:$S$1005,A10,'ITENS_MTR'!$AN$6:$AN$1005,1)) -> 0 | AK10: =IF(Z10=0,0,COUNTIFS('RECEBIMENTOS'!$B$6:$B$1005,A10,'RECEBIMENTOS'!$Y$6:$Y$1005,1)) -> 0 | AL10: =IF(Z10=0,0,COUNTIFS('VÍNCULOS_CDF'!$D$6:$D$1005,A10,'VÍNCULOS_CDF'!$Y$6:$Y$1005,1)) -> 0 | AM10: =IF(Z10=0,0,COUNTIFS('RECEBIMENTOS'!$B$6:$B$1005,A10,'RECEBIMENTOS'!$Q$6:$Q$1005,1)) -> 0 | AN10: =IF(AND(Z10=1,N(W10)>0,AG10=N(W10)),1,0) -> 0 | AO10: =IF(AND(Z10=1,N(W10)>0,AI10=N(W10)),1,0) -> 0 | AP10: =IF(Z10=0,0,_xlfn.MAXIFS('RECEBIMENTOS'!$E$6:$E$1005,'RECEBIMENTOS'!$B$6:$B$1005,A10)) -> 0 | AQ10: =IF(T10="","",IF(T10="RECEBIMENTO NÃO CONFIRMADO",IF(ISNUMBER(F10),F10,IF(ISNUMBER(E10),E10,"")),IF(OR(T10="CDF NÃO LOCALIZADO",T10="VÍNCULO INCOMPLETO",T10="CDF A CONFERIR"),IF(AP10>0,AP10,IF(ISNUMBER(E10),E10,"")),IF(ISNUMBER(E10),E10,"")))) | AR10: =IF(NOT(ISNUMBER(U10)),0,IF(T10="RECEBIMENTO NÃO CONFIRMADO",IF(AND(ISNUMBER(cfg_rec),U10>cfg_rec),1,0),IF(OR(T10="CDF NÃO LOCALIZADO",T10="VÍNCULO INCOMPLETO",T10="CDF A CONFERIR"),IF(AND(ISNUMBER(cfg_cdf),U10>cfg_cdf),1,0),0))) -> 0 | AS10: =IF(T10="","",IF(AR10=1,"Alta",IFERROR(INDEX(cfg_pp,MATCH(T10,cfg_pt,0))&"","Média"))) | AT10: =IF(T10="","",IFERROR(INDEX(cfg_pv,MATCH(T10,cfg_pt,0))&"","")) | AU10: =IF(T10="","",IF(AS10="Alta",1,IF(AS10="Média",2,3))*1000000000+(999999-IF(ISNUMBER(U10),MIN(U10,999999),0))*1000+5) | AV10: =IF(T10<>"",1,0) -> 0 | AW10: =IF(Z10=0,"",IF(AA10=1,"Cancelamento informado; ","")&IF(AE10=1,"Campos essenciais ou itens faltando; ","")&IF(AC10=1,"Possível duplicidade do número; ","")&IF(AD10=1,"Cadastro ou datas a revisar; ","")&IF(AF10>0,"Item de resíduo com dado a revisar; ","")&IF(AH10>0,"Diferença de quantidade a analisar; ","")&IF(AK10>0,"Recebimento com alerta; ","")&IF(AL10>0,"Vínculo de CDF com alerta; ","")&IF(AND(AA10=0,AN10=0),"Recebimento não confirmado; ","")&IF(AND(AA10=0,AN10=1,AO10=0),"CDF pendente ou a conferir; ","")) | AX10: =IF(Z10=0,0,IF(AND(OR(f_ini="",AND(ISNUMBER(E10),E10>=f_ini)),OR(f_fim="",AND(ISNUMBER(E10),E10<=f_fim)),OR(f_un="",f_un="(Todas)",G10=f_un),OR(f_tr="",f_tr="(Todos)",H10=f_tr),OR(f_de="",f_de="(Todos)",I10=f_de),OR(f_sit="",f_sit="(Todas)",S10=f_sit)),1,0)) -> 0 | AY10: =IF(AX10=0,0,IF(OR(f_res="",f_res="(Todos)"),1,IF(COUNTIFS('ITENS_MTR'!$S$6:$S$1005,A10,'ITENS_MTR'!$C$6:$C$1005,f_res)>0,1,0))) -> 0 | AZ10: =IF(ISNUMBER(E10),DATE(YEAR(E10),MONTH(E10),1),"") | BA10: =IF(Z10=0,0,IF(AND(OR(r_ini="",AND(ISNUMBER(E10),E10>=r_ini)),OR(r_fim="",AND(ISNUMBER(E10),E10<=r_fim)),OR(r_un="",r_un="(Todas)",G10=r_un),OR(r_de="",r_de="(Todos)",I10=r_de)),1,0)) -> 0 | BB10: =IF(BA10=1,COUNTIF($BA$6:BA10,1),"") | BC10: =IF(AND(AU10<>"",OR(r_un="",r_un="(Todas)",G10=r_un),OR(r_de="",r_de="(Todos)",I10=r_de)),AU10,"") | BD10: =IF(Z10=1,A10&" | nº "&IF(B10="","(sem número)",B10)&" | "&IF(G10="","(sem unidade)",G10),"") | BE10: =IF(Z10=1,COUNTIF($Z$6:Z10,1),"") | BF10: =IF(T10="","",IF(T10="RECEBIMENTO NÃO CONFIRMADO","Transp.: "&H10&" | Dest.: "&I10,IF(OR(T10="CDF NÃO LOCALIZADO",T10="VÍNCULO INCOMPLETO",T10="CDF A CONFERIR"),"Dest.: "&I10,"Gerador: "&G10)))
A11: MTR-000006 | P11: =IF(Z11=0,"",SUMIFS('ITENS_MTR'!$I$6:$I$1005,'ITENS_MTR'!$S$6:$S$1005,A11,'ITENS_MTR'!$Y$6:$Y$1005,1)) | Q11: =IF(Z11=0,"",SUMIFS('RECEBIMENTOS'!$H$6:$H$1005,'RECEBIMENTOS'!$B$6:$B$1005,A11,'RECEBIMENTOS'!$X$6:$X$1005,1)) | R11: =IF(Z11=0,"",SUMIFS('VÍNCULOS_CDF'!$H$6:$H$1005,'VÍNCULOS_CDF'!$D$6:$D$1005,A11,'VÍNCULOS_CDF'!$V$6:$V$1005,1)) | S11: =IF(Z11=0,"",IF(AA11=1,"Cancelado (informado)",IF(AE11=1,"Cadastro incompleto",IF(OR(AC11=1,AD11=1,AF11>0,AH11>0,AK11>0,AL11>0),"Informação a revisar",IF(AN11=0,"Aguardando recebimento",IF(N(R11)=0,"Aguardando CDF",IF(AJ11<N(W11),"Vínculo de CDF parcial",IF(AO11=0,"CDF localizado, a conferir","Documentação conferida")))))))) | T11: =IF(Z11=0,"",IF(S11="Cadastro incompleto","MTR INCOMPLETO",IF(S11="Informação a revisar",IF(AND(AH11>0,AC11=0,AD11=0,AF11=0,AK11=0,AL11=0),"QUANTIDADE A REVISAR","IDENTIFICAÇÃO A REVISAR"),IF(S11="Aguardando recebimento","RECEBIMENTO NÃO CONFIRMADO",IF(S11="Aguardando CDF","CDF NÃO LOCALIZADO",IF(S11="Vínculo de CDF parcial","VÍNCULO INCOMPLETO",IF(S11="CDF localizado, a conferir","CDF A CONFERIR",""))))))) | U11: =IF(T11="","",IF(AQ11="","Não calculável",IF(AQ11>TODAY(),"Data futura",TODAY()-AQ11))) | V11: =IF(Z11=0,"",SUMIFS('RECEBIMENTOS'!$H$6:$H$1005,'RECEBIMENTOS'!$B$6:$B$1005,A11,'RECEBIMENTOS'!$Z$6:$Z$1005,1)) | W11: =IF(Z11=0,"",COUNTIFS('ITENS_MTR'!$S$6:$S$1005,A11,'ITENS_MTR'!$R$6:$R$1005,1)) | X11: =IF(AC11=1,"POSSÍVEL DUPLICIDADE","") | Y11: =IF(Z11=0,"",IF(AW11="","Nenhuma",LEFT(AW11,LEN(AW11)-2))) | Z11: =IF(COUNTA(B11:O11)>0,1,0) -> 0 | AA11: =IF(AND(Z11=1,K11<>""),IF(TRIM(K11)=TRIM(cfg_cancel),1,0),0) -> 0 | AB11: =IF(AND(Z11=1,B11<>""),C11&"|"&D11&"|"&G11&"|"&TRIM(B11),"") | AC11: =IF(AB11="",0,IF(SUMPRODUCT(--($AB$6:$AB$505=AB11))>1,1,0)) -> 0 | AD11: =IF(Z11=0,0,IF(OR(AND(G11<>"",ISNA(MATCH(G11,'CAD_UNIDADES'!$C$6:$C$105,0))),AND(H11<>"",ISNA(MATCH(H11,cmp_transp,0))),AND(I11<>"",ISNA(MATCH(I11,cmp_dest,0))),AND(E11<>"",NOT(ISNUMBER(E11))),AND(F11<>"",NOT(ISNUMBER(F11))),AND(ISNUMBER(E11),ISNUMBER(F11),F11<E11)),1,0)) -> 0 | AE11: =IF(Z11=0,0,IF(OR(B11="",C11="",E11="",G11="",H11="",I11="",N(W11)=0),1,0)) -> 0 | AF11: =IF(Z11=0,0,COUNTIFS('ITENS_MTR'!$S$6:$S$1005,A11,'ITENS_MTR'!$AI$6:$AI$1005,1)) -> 0 | AG11: =IF(Z11=0,0,COUNTIFS('ITENS_MTR'!$S$6:$S$1005,A11,'ITENS_MTR'!$AJ$6:$AJ$1005,1)) -> 0 | AH11: =IF(Z11=0,0,COUNTIFS('ITENS_MTR'!$S$6:$S$1005,A11,'ITENS_MTR'!$AM$6:$AM$1005,1)) -> 0 | AI11: =IF(Z11=0,0,COUNTIFS('ITENS_MTR'!$S$6:$S$1005,A11,'ITENS_MTR'!$AO$6:$AO$1005,1)) -> 0 | AJ11: =IF(Z11=0,0,COUNTIFS('ITENS_MTR'!$S$6:$S$1005,A11,'ITENS_MTR'!$AN$6:$AN$1005,1)) -> 0 | AK11: =IF(Z11=0,0,COUNTIFS('RECEBIMENTOS'!$B$6:$B$1005,A11,'RECEBIMENTOS'!$Y$6:$Y$1005,1)) -> 0 | AL11: =IF(Z11=0,0,COUNTIFS('VÍNCULOS_CDF'!$D$6:$D$1005,A11,'VÍNCULOS_CDF'!$Y$6:$Y$1005,1)) -> 0 | AM11: =IF(Z11=0,0,COUNTIFS('RECEBIMENTOS'!$B$6:$B$1005,A11,'RECEBIMENTOS'!$Q$6:$Q$1005,1)) -> 0 | AN11: =IF(AND(Z11=1,N(W11)>0,AG11=N(W11)),1,0) -> 0 | AO11: =IF(AND(Z11=1,N(W11)>0,AI11=N(W11)),1,0) -> 0 | AP11: =IF(Z11=0,0,_xlfn.MAXIFS('RECEBIMENTOS'!$E$6:$E$1005,'RECEBIMENTOS'!$B$6:$B$1005,A11)) -> 0 | AQ11: =IF(T11="","",IF(T11="RECEBIMENTO NÃO CONFIRMADO",IF(ISNUMBER(F11),F11,IF(ISNUMBER(E11),E11,"")),IF(OR(T11="CDF NÃO LOCALIZADO",T11="VÍNCULO INCOMPLETO",T11="CDF A CONFERIR"),IF(AP11>0,AP11,IF(ISNUMBER(E11),E11,"")),IF(ISNUMBER(E11),E11,"")))) | AR11: =IF(NOT(ISNUMBER(U11)),0,IF(T11="RECEBIMENTO NÃO CONFIRMADO",IF(AND(ISNUMBER(cfg_rec),U11>cfg_rec),1,0),IF(OR(T11="CDF NÃO LOCALIZADO",T11="VÍNCULO INCOMPLETO",T11="CDF A CONFERIR"),IF(AND(ISNUMBER(cfg_cdf),U11>cfg_cdf),1,0),0))) -> 0 | AS11: =IF(T11="","",IF(AR11=1,"Alta",IFERROR(INDEX(cfg_pp,MATCH(T11,cfg_pt,0))&"","Média"))) | AT11: =IF(T11="","",IFERROR(INDEX(cfg_pv,MATCH(T11,cfg_pt,0))&"","")) | AU11: =IF(T11="","",IF(AS11="Alta",1,IF(AS11="Média",2,3))*1000000000+(999999-IF(ISNUMBER(U11),MIN(U11,999999),0))*1000+6) | AV11: =IF(T11<>"",1,0) -> 0 | AW11: =IF(Z11=0,"",IF(AA11=1,"Cancelamento informado; ","")&IF(AE11=1,"Campos essenciais ou itens faltando; ","")&IF(AC11=1,"Possível duplicidade do número; ","")&IF(AD11=1,"Cadastro ou datas a revisar; ","")&IF(AF11>0,"Item de resíduo com dado a revisar; ","")&IF(AH11>0,"Diferença de quantidade a analisar; ","")&IF(AK11>0,"Recebimento com alerta; ","")&IF(AL11>0,"Vínculo de CDF com alerta; ","")&IF(AND(AA11=0,AN11=0),"Recebimento não confirmado; ","")&IF(AND(AA11=0,AN11=1,AO11=0),"CDF pendente ou a conferir; ","")) | AX11: =IF(Z11=0,0,IF(AND(OR(f_ini="",AND(ISNUMBER(E11),E11>=f_ini)),OR(f_fim="",AND(ISNUMBER(E11),E11<=f_fim)),OR(f_un="",f_un="(Todas)",G11=f_un),OR(f_tr="",f_tr="(Todos)",H11=f_tr),OR(f_de="",f_de="(Todos)",I11=f_de),OR(f_sit="",f_sit="(Todas)",S11=f_sit)),1,0)) -> 0 | AY11: =IF(AX11=0,0,IF(OR(f_res="",f_res="(Todos)"),1,IF(COUNTIFS('ITENS_MTR'!$S$6:$S$1005,A11,'ITENS_MTR'!$C$6:$C$1005,f_res)>0,1,0))) -> 0 | AZ11: =IF(ISNUMBER(E11),DATE(YEAR(E11),MONTH(E11),1),"") | BA11: =IF(Z11=0,0,IF(AND(OR(r_ini="",AND(ISNUMBER(E11),E11>=r_ini)),OR(r_fim="",AND(ISNUMBER(E11),E11<=r_fim)),OR(r_un="",r_un="(Todas)",G11=r_un),OR(r_de="",r_de="(Todos)",I11=r_de)),1,0)) -> 0 | BB11: =IF(BA11=1,COUNTIF($BA$6:BA11,1),"") | BC11: =IF(AND(AU11<>"",OR(r_un="",r_un="(Todas)",G11=r_un),OR(r_de="",r_de="(Todos)",I11=r_de)),AU11,"") | BD11: =IF(Z11=1,A11&" | nº "&IF(B11="","(sem número)",B11)&" | "&IF(G11="","(sem unidade)",G11),"") | BE11: =IF(Z11=1,COUNTIF($Z$6:Z11,1),"") | BF11: =IF(T11="","",IF(T11="RECEBIMENTO NÃO CONFIRMADO","Transp.: "&H11&" | Dest.: "&I11,IF(OR(T11="CDF NÃO LOCALIZADO",T11="VÍNCULO INCOMPLETO",T11="CDF A CONFERIR"),"Dest.: "&I11,"Gerador: "&G11)))
A12: MTR-000007 | P12: =IF(Z12=0,"",SUMIFS('ITENS_MTR'!$I$6:$I$1005,'ITENS_MTR'!$S$6:$S$1005,A12,'ITENS_MTR'!$Y$6:$Y$1005,1)) | Q12: =IF(Z12=0,"",SUMIFS('RECEBIMENTOS'!$H$6:$H$1005,'RECEBIMENTOS'!$B$6:$B$1005,A12,'RECEBIMENTOS'!$X$6:$X$1005,1)) | R12: =IF(Z12=0,"",SUMIFS('VÍNCULOS_CDF'!$H$6:$H$1005,'VÍNCULOS_CDF'!$D$6:$D$1005,A12,'VÍNCULOS_CDF'!$V$6:$V$1005,1)) | S12: =IF(Z12=0,"",IF(AA12=1,"Cancelado (informado)",IF(AE12=1,"Cadastro incompleto",IF(OR(AC12=1,AD12=1,AF12>0,AH12>0,AK12>0,AL12>0),"Informação a revisar",IF(AN12=0,"Aguardando recebimento",IF(N(R12)=0,"Aguardando CDF",IF(AJ12<N(W12),"Vínculo de CDF parcial",IF(AO12=0,"CDF localizado, a conferir","Documentação conferida")))))))) | T12: =IF(Z12=0,"",IF(S12="Cadastro incompleto","MTR INCOMPLETO",IF(S12="Informação a revisar",IF(AND(AH12>0,AC12=0,AD12=0,AF12=0,AK12=0,AL12=0),"QUANTIDADE A REVISAR","IDENTIFICAÇÃO A REVISAR"),IF(S12="Aguardando recebimento","RECEBIMENTO NÃO CONFIRMADO",IF(S12="Aguardando CDF","CDF NÃO LOCALIZADO",IF(S12="Vínculo de CDF parcial","VÍNCULO INCOMPLETO",IF(S12="CDF localizado, a conferir","CDF A CONFERIR",""))))))) | U12: =IF(T12="","",IF(AQ12="","Não calculável",IF(AQ12>TODAY(),"Data futura",TODAY()-AQ12))) | V12: =IF(Z12=0,"",SUMIFS('RECEBIMENTOS'!$H$6:$H$1005,'RECEBIMENTOS'!$B$6:$B$1005,A12,'RECEBIMENTOS'!$Z$6:$Z$1005,1)) | W12: =IF(Z12=0,"",COUNTIFS('ITENS_MTR'!$S$6:$S$1005,A12,'ITENS_MTR'!$R$6:$R$1005,1)) | X12: =IF(AC12=1,"POSSÍVEL DUPLICIDADE","") | Y12: =IF(Z12=0,"",IF(AW12="","Nenhuma",LEFT(AW12,LEN(AW12)-2))) | Z12: =IF(COUNTA(B12:O12)>0,1,0) -> 0 | AA12: =IF(AND(Z12=1,K12<>""),IF(TRIM(K12)=TRIM(cfg_cancel),1,0),0) -> 0 | AB12: =IF(AND(Z12=1,B12<>""),C12&"|"&D12&"|"&G12&"|"&TRIM(B12),"") | AC12: =IF(AB12="",0,IF(SUMPRODUCT(--($AB$6:$AB$505=AB12))>1,1,0)) -> 0 | AD12: =IF(Z12=0,0,IF(OR(AND(G12<>"",ISNA(MATCH(G12,'CAD_UNIDADES'!$C$6:$C$105,0))),AND(H12<>"",ISNA(MATCH(H12,cmp_transp,0))),AND(I12<>"",ISNA(MATCH(I12,cmp_dest,0))),AND(E12<>"",NOT(ISNUMBER(E12))),AND(F12<>"",NOT(ISNUMBER(F12))),AND(ISNUMBER(E12),ISNUMBER(F12),F12<E12)),1,0)) -> 0 | AE12: =IF(Z12=0,0,IF(OR(B12="",C12="",E12="",G12="",H12="",I12="",N(W12)=0),1,0)) -> 0 | AF12: =IF(Z12=0,0,COUNTIFS('ITENS_MTR'!$S$6:$S$1005,A12,'ITENS_MTR'!$AI$6:$AI$1005,1)) -> 0 | AG12: =IF(Z12=0,0,COUNTIFS('ITENS_MTR'!$S$6:$S$1005,A12,'ITENS_MTR'!$AJ$6:$AJ$1005,1)) -> 0 | AH12: =IF(Z12=0,0,COUNTIFS('ITENS_MTR'!$S$6:$S$1005,A12,'ITENS_MTR'!$AM$6:$AM$1005,1)) -> 0 | AI12: =IF(Z12=0,0,COUNTIFS('ITENS_MTR'!$S$6:$S$1005,A12,'ITENS_MTR'!$AO$6:$AO$1005,1)) -> 0 | AJ12: =IF(Z12=0,0,COUNTIFS('ITENS_MTR'!$S$6:$S$1005,A12,'ITENS_MTR'!$AN$6:$AN$1005,1)) -> 0 | AK12: =IF(Z12=0,0,COUNTIFS('RECEBIMENTOS'!$B$6:$B$1005,A12,'RECEBIMENTOS'!$Y$6:$Y$1005,1)) -> 0 | AL12: =IF(Z12=0,0,COUNTIFS('VÍNCULOS_CDF'!$D$6:$D$1005,A12,'VÍNCULOS_CDF'!$Y$6:$Y$1005,1)) -> 0 | AM12: =IF(Z12=0,0,COUNTIFS('RECEBIMENTOS'!$B$6:$B$1005,A12,'RECEBIMENTOS'!$Q$6:$Q$1005,1)) -> 0 | AN12: =IF(AND(Z12=1,N(W12)>0,AG12=N(W12)),1,0) -> 0 | AO12: =IF(AND(Z12=1,N(W12)>0,AI12=N(W12)),1,0) -> 0 | AP12: =IF(Z12=0,0,_xlfn.MAXIFS('RECEBIMENTOS'!$E$6:$E$1005,'RECEBIMENTOS'!$B$6:$B$1005,A12)) -> 0 | AQ12: =IF(T12="","",IF(T12="RECEBIMENTO NÃO CONFIRMADO",IF(ISNUMBER(F12),F12,IF(ISNUMBER(E12),E12,"")),IF(OR(T12="CDF NÃO LOCALIZADO",T12="VÍNCULO INCOMPLETO",T12="CDF A CONFERIR"),IF(AP12>0,AP12,IF(ISNUMBER(E12),E12,"")),IF(ISNUMBER(E12),E12,"")))) | AR12: =IF(NOT(ISNUMBER(U12)),0,IF(T12="RECEBIMENTO NÃO CONFIRMADO",IF(AND(ISNUMBER(cfg_rec),U12>cfg_rec),1,0),IF(OR(T12="CDF NÃO LOCALIZADO",T12="VÍNCULO INCOMPLETO",T12="CDF A CONFERIR"),IF(AND(ISNUMBER(cfg_cdf),U12>cfg_cdf),1,0),0))) -> 0 | AS12: =IF(T12="","",IF(AR12=1,"Alta",IFERROR(INDEX(cfg_pp,MATCH(T12,cfg_pt,0))&"","Média"))) | AT12: =IF(T12="","",IFERROR(INDEX(cfg_pv,MATCH(T12,cfg_pt,0))&"","")) | AU12: =IF(T12="","",IF(AS12="Alta",1,IF(AS12="Média",2,3))*1000000000+(999999-IF(ISNUMBER(U12),MIN(U12,999999),0))*1000+7) | AV12: =IF(T12<>"",1,0) -> 0 | AW12: =IF(Z12=0,"",IF(AA12=1,"Cancelamento informado; ","")&IF(AE12=1,"Campos essenciais ou itens faltando; ","")&IF(AC12=1,"Possível duplicidade do número; ","")&IF(AD12=1,"Cadastro ou datas a revisar; ","")&IF(AF12>0,"Item de resíduo com dado a revisar; ","")&IF(AH12>0,"Diferença de quantidade a analisar; ","")&IF(AK12>0,"Recebimento com alerta; ","")&IF(AL12>0,"Vínculo de CDF com alerta; ","")&IF(AND(AA12=0,AN12=0),"Recebimento não confirmado; ","")&IF(AND(AA12=0,AN12=1,AO12=0),"CDF pendente ou a conferir; ","")) | AX12: =IF(Z12=0,0,IF(AND(OR(f_ini="",AND(ISNUMBER(E12),E12>=f_ini)),OR(f_fim="",AND(ISNUMBER(E12),E12<=f_fim)),OR(f_un="",f_un="(Todas)",G12=f_un),OR(f_tr="",f_tr="(Todos)",H12=f_tr),OR(f_de="",f_de="(Todos)",I12=f_de),OR(f_sit="",f_sit="(Todas)",S12=f_sit)),1,0)) -> 0 | AY12: =IF(AX12=0,0,IF(OR(f_res="",f_res="(Todos)"),1,IF(COUNTIFS('ITENS_MTR'!$S$6:$S$1005,A12,'ITENS_MTR'!$C$6:$C$1005,f_res)>0,1,0))) -> 0 | AZ12: =IF(ISNUMBER(E12),DATE(YEAR(E12),MONTH(E12),1),"") | BA12: =IF(Z12=0,0,IF(AND(OR(r_ini="",AND(ISNUMBER(E12),E12>=r_ini)),OR(r_fim="",AND(ISNUMBER(E12),E12<=r_fim)),OR(r_un="",r_un="(Todas)",G12=r_un),OR(r_de="",r_de="(Todos)",I12=r_de)),1,0)) -> 0 | BB12: =IF(BA12=1,COUNTIF($BA$6:BA12,1),"") | BC12: =IF(AND(AU12<>"",OR(r_un="",r_un="(Todas)",G12=r_un),OR(r_de="",r_de="(Todos)",I12=r_de)),AU12,"") | BD12: =IF(Z12=1,A12&" | nº "&IF(B12="","(sem número)",B12)&" | "&IF(G12="","(sem unidade)",G12),"") | BE12: =IF(Z12=1,COUNTIF($Z$6:Z12,1),"") | BF12: =IF(T12="","",IF(T12="RECEBIMENTO NÃO CONFIRMADO","Transp.: "&H12&" | Dest.: "&I12,IF(OR(T12="CDF NÃO LOCALIZADO",T12="VÍNCULO INCOMPLETO",T12="CDF A CONFERIR"),"Dest.: "&I12,"Gerador: "&G12)))
A13: MTR-000008 | P13: =IF(Z13=0,"",SUMIFS('ITENS_MTR'!$I$6:$I$1005,'ITENS_MTR'!$S$6:$S$1005,A13,'ITENS_MTR'!$Y$6:$Y$1005,1)) | Q13: =IF(Z13=0,"",SUMIFS('RECEBIMENTOS'!$H$6:$H$1005,'RECEBIMENTOS'!$B$6:$B$1005,A13,'RECEBIMENTOS'!$X$6:$X$1005,1)) | R13: =IF(Z13=0,"",SUMIFS('VÍNCULOS_CDF'!$H$6:$H$1005,'VÍNCULOS_CDF'!$D$6:$D$1005,A13,'VÍNCULOS_CDF'!$V$6:$V$1005,1)) | S13: =IF(Z13=0,"",IF(AA13=1,"Cancelado (informado)",IF(AE13=1,"Cadastro incompleto",IF(OR(AC13=1,AD13=1,AF13>0,AH13>0,AK13>0,AL13>0),"Informação a revisar",IF(AN13=0,"Aguardando recebimento",IF(N(R13)=0,"Aguardando CDF",IF(AJ13<N(W13),"Vínculo de CDF parcial",IF(AO13=0,"CDF localizado, a conferir","Documentação conferida")))))))) | T13: =IF(Z13=0,"",IF(S13="Cadastro incompleto","MTR INCOMPLETO",IF(S13="Informação a revisar",IF(AND(AH13>0,AC13=0,AD13=0,AF13=0,AK13=0,AL13=0),"QUANTIDADE A REVISAR","IDENTIFICAÇÃO A REVISAR"),IF(S13="Aguardando recebimento","RECEBIMENTO NÃO CONFIRMADO",IF(S13="Aguardando CDF","CDF NÃO LOCALIZADO",IF(S13="Vínculo de CDF parcial","VÍNCULO INCOMPLETO",IF(S13="CDF localizado, a conferir","CDF A CONFERIR",""))))))) | U13: =IF(T13="","",IF(AQ13="","Não calculável",IF(AQ13>TODAY(),"Data futura",TODAY()-AQ13))) | V13: =IF(Z13=0,"",SUMIFS('RECEBIMENTOS'!$H$6:$H$1005,'RECEBIMENTOS'!$B$6:$B$1005,A13,'RECEBIMENTOS'!$Z$6:$Z$1005,1)) | W13: =IF(Z13=0,"",COUNTIFS('ITENS_MTR'!$S$6:$S$1005,A13,'ITENS_MTR'!$R$6:$R$1005,1)) | X13: =IF(AC13=1,"POSSÍVEL DUPLICIDADE","") | Y13: =IF(Z13=0,"",IF(AW13="","Nenhuma",LEFT(AW13,LEN(AW13)-2))) | Z13: =IF(COUNTA(B13:O13)>0,1,0) -> 0 | AA13: =IF(AND(Z13=1,K13<>""),IF(TRIM(K13)=TRIM(cfg_cancel),1,0),0) -> 0 | AB13: =IF(AND(Z13=1,B13<>""),C13&"|"&D13&"|"&G13&"|"&TRIM(B13),"") | AC13: =IF(AB13="",0,IF(SUMPRODUCT(--($AB$6:$AB$505=AB13))>1,1,0)) -> 0 | AD13: =IF(Z13=0,0,IF(OR(AND(G13<>"",ISNA(MATCH(G13,'CAD_UNIDADES'!$C$6:$C$105,0))),AND(H13<>"",ISNA(MATCH(H13,cmp_transp,0))),AND(I13<>"",ISNA(MATCH(I13,cmp_dest,0))),AND(E13<>"",NOT(ISNUMBER(E13))),AND(F13<>"",NOT(ISNUMBER(F13))),AND(ISNUMBER(E13),ISNUMBER(F13),F13<E13)),1,0)) -> 0 | AE13: =IF(Z13=0,0,IF(OR(B13="",C13="",E13="",G13="",H13="",I13="",N(W13)=0),1,0)) -> 0 | AF13: =IF(Z13=0,0,COUNTIFS('ITENS_MTR'!$S$6:$S$1005,A13,'ITENS_MTR'!$AI$6:$AI$1005,1)) -> 0 | AG13: =IF(Z13=0,0,COUNTIFS('ITENS_MTR'!$S$6:$S$1005,A13,'ITENS_MTR'!$AJ$6:$AJ$1005,1)) -> 0 | AH13: =IF(Z13=0,0,COUNTIFS('ITENS_MTR'!$S$6:$S$1005,A13,'ITENS_MTR'!$AM$6:$AM$1005,1)) -> 0 | AI13: =IF(Z13=0,0,COUNTIFS('ITENS_MTR'!$S$6:$S$1005,A13,'ITENS_MTR'!$AO$6:$AO$1005,1)) -> 0 | AJ13: =IF(Z13=0,0,COUNTIFS('ITENS_MTR'!$S$6:$S$1005,A13,'ITENS_MTR'!$AN$6:$AN$1005,1)) -> 0 | AK13: =IF(Z13=0,0,COUNTIFS('RECEBIMENTOS'!$B$6:$B$1005,A13,'RECEBIMENTOS'!$Y$6:$Y$1005,1)) -> 0 | AL13: =IF(Z13=0,0,COUNTIFS('VÍNCULOS_CDF'!$D$6:$D$1005,A13,'VÍNCULOS_CDF'!$Y$6:$Y$1005,1)) -> 0 | AM13: =IF(Z13=0,0,COUNTIFS('RECEBIMENTOS'!$B$6:$B$1005,A13,'RECEBIMENTOS'!$Q$6:$Q$1005,1)) -> 0 | AN13: =IF(AND(Z13=1,N(W13)>0,AG13=N(W13)),1,0) -> 0 | AO13: =IF(AND(Z13=1,N(W13)>0,AI13=N(W13)),1,0) -> 0 | AP13: =IF(Z13=0,0,_xlfn.MAXIFS('RECEBIMENTOS'!$E$6:$E$1005,'RECEBIMENTOS'!$B$6:$B$1005,A13)) -> 0 | AQ13: =IF(T13="","",IF(T13="RECEBIMENTO NÃO CONFIRMADO",IF(ISNUMBER(F13),F13,IF(ISNUMBER(E13),E13,"")),IF(OR(T13="CDF NÃO LOCALIZADO",T13="VÍNCULO INCOMPLETO",T13="CDF A CONFERIR"),IF(AP13>0,AP13,IF(ISNUMBER(E13),E13,"")),IF(ISNUMBER(E13),E13,"")))) | AR13: =IF(NOT(ISNUMBER(U13)),0,IF(T13="RECEBIMENTO NÃO CONFIRMADO",IF(AND(ISNUMBER(cfg_rec),U13>cfg_rec),1,0),IF(OR(T13="CDF NÃO LOCALIZADO",T13="VÍNCULO INCOMPLETO",T13="CDF A CONFERIR"),IF(AND(ISNUMBER(cfg_cdf),U13>cfg_cdf),1,0),0))) -> 0 | AS13: =IF(T13="","",IF(AR13=1,"Alta",IFERROR(INDEX(cfg_pp,MATCH(T13,cfg_pt,0))&"","Média"))) | AT13: =IF(T13="","",IFERROR(INDEX(cfg_pv,MATCH(T13,cfg_pt,0))&"","")) | AU13: =IF(T13="","",IF(AS13="Alta",1,IF(AS13="Média",2,3))*1000000000+(999999-IF(ISNUMBER(U13),MIN(U13,999999),0))*1000+8) | AV13: =IF(T13<>"",1,0) -> 0 | AW13: =IF(Z13=0,"",IF(AA13=1,"Cancelamento informado; ","")&IF(AE13=1,"Campos essenciais ou itens faltando; ","")&IF(AC13=1,"Possível duplicidade do número; ","")&IF(AD13=1,"Cadastro ou datas a revisar; ","")&IF(AF13>0,"Item de resíduo com dado a revisar; ","")&IF(AH13>0,"Diferença de quantidade a analisar; ","")&IF(AK13>0,"Recebimento com alerta; ","")&IF(AL13>0,"Vínculo de CDF com alerta; ","")&IF(AND(AA13=0,AN13=0),"Recebimento não confirmado; ","")&IF(AND(AA13=0,AN13=1,AO13=0),"CDF pendente ou a conferir; ","")) | AX13: =IF(Z13=0,0,IF(AND(OR(f_ini="",AND(ISNUMBER(E13),E13>=f_ini)),OR(f_fim="",AND(ISNUMBER(E13),E13<=f_fim)),OR(f_un="",f_un="(Todas)",G13=f_un),OR(f_tr="",f_tr="(Todos)",H13=f_tr),OR(f_de="",f_de="(Todos)",I13=f_de),OR(f_sit="",f_sit="(Todas)",S13=f_sit)),1,0)) -> 0 | AY13: =IF(AX13=0,0,IF(OR(f_res="",f_res="(Todos)"),1,IF(COUNTIFS('ITENS_MTR'!$S$6:$S$1005,A13,'ITENS_MTR'!$C$6:$C$1005,f_res)>0,1,0))) -> 0 | AZ13: =IF(ISNUMBER(E13),DATE(YEAR(E13),MONTH(E13),1),"") | BA13: =IF(Z13=0,0,IF(AND(OR(r_ini="",AND(ISNUMBER(E13),E13>=r_ini)),OR(r_fim="",AND(ISNUMBER(E13),E13<=r_fim)),OR(r_un="",r_un="(Todas)",G13=r_un),OR(r_de="",r_de="(Todos)",I13=r_de)),1,0)) -> 0 | BB13: =IF(BA13=1,COUNTIF($BA$6:BA13,1),"") | BC13: =IF(AND(AU13<>"",OR(r_un="",r_un="(Todas)",G13=r_un),OR(r_de="",r_de="(Todos)",I13=r_de)),AU13,"") | BD13: =IF(Z13=1,A13&" | nº "&IF(B13="","(sem número)",B13)&" | "&IF(G13="","(sem unidade)",G13),"") | BE13: =IF(Z13=1,COUNTIF($Z$6:Z13,1),"") | BF13: =IF(T13="","",IF(T13="RECEBIMENTO NÃO CONFIRMADO","Transp.: "&H13&" | Dest.: "&I13,IF(OR(T13="CDF NÃO LOCALIZADO",T13="VÍNCULO INCOMPLETO",T13="CDF A CONFERIR"),"Dest.: "&I13,"Gerador: "&G13)))
A14: MTR-000009 | P14: =IF(Z14=0,"",SUMIFS('ITENS_MTR'!$I$6:$I$1005,'ITENS_MTR'!$S$6:$S$1005,A14,'ITENS_MTR'!$Y$6:$Y$1005,1)) | Q14: =IF(Z14=0,"",SUMIFS('RECEBIMENTOS'!$H$6:$H$1005,'RECEBIMENTOS'!$B$6:$B$1005,A14,'RECEBIMENTOS'!$X$6:$X$1005,1)) | R14: =IF(Z14=0,"",SUMIFS('VÍNCULOS_CDF'!$H$6:$H$1005,'VÍNCULOS_CDF'!$D$6:$D$1005,A14,'VÍNCULOS_CDF'!$V$6:$V$1005,1)) | S14: =IF(Z14=0,"",IF(AA14=1,"Cancelado (informado)",IF(AE14=1,"Cadastro incompleto",IF(OR(AC14=1,AD14=1,AF14>0,AH14>0,AK14>0,AL14>0),"Informação a revisar",IF(AN14=0,"Aguardando recebimento",IF(N(R14)=0,"Aguardando CDF",IF(AJ14<N(W14),"Vínculo de CDF parcial",IF(AO14=0,"CDF localizado, a conferir","Documentação conferida")))))))) | T14: =IF(Z14=0,"",IF(S14="Cadastro incompleto","MTR INCOMPLETO",IF(S14="Informação a revisar",IF(AND(AH14>0,AC14=0,AD14=0,AF14=0,AK14=0,AL14=0),"QUANTIDADE A REVISAR","IDENTIFICAÇÃO A REVISAR"),IF(S14="Aguardando recebimento","RECEBIMENTO NÃO CONFIRMADO",IF(S14="Aguardando CDF","CDF NÃO LOCALIZADO",IF(S14="Vínculo de CDF parcial","VÍNCULO INCOMPLETO",IF(S14="CDF localizado, a conferir","CDF A CONFERIR",""))))))) | U14: =IF(T14="","",IF(AQ14="","Não calculável",IF(AQ14>TODAY(),"Data futura",TODAY()-AQ14))) | V14: =IF(Z14=0,"",SUMIFS('RECEBIMENTOS'!$H$6:$H$1005,'RECEBIMENTOS'!$B$6:$B$1005,A14,'RECEBIMENTOS'!$Z$6:$Z$1005,1)) | W14: =IF(Z14=0,"",COUNTIFS('ITENS_MTR'!$S$6:$S$1005,A14,'ITENS_MTR'!$R$6:$R$1005,1)) | X14: =IF(AC14=1,"POSSÍVEL DUPLICIDADE","") | Y14: =IF(Z14=0,"",IF(AW14="","Nenhuma",LEFT(AW14,LEN(AW14)-2))) | Z14: =IF(COUNTA(B14:O14)>0,1,0) -> 0 | AA14: =IF(AND(Z14=1,K14<>""),IF(TRIM(K14)=TRIM(cfg_cancel),1,0),0) -> 0 | AB14: =IF(AND(Z14=1,B14<>""),C14&"|"&D14&"|"&G14&"|"&TRIM(B14),"") | AC14: =IF(AB14="",0,IF(SUMPRODUCT(--($AB$6:$AB$505=AB14))>1,1,0)) -> 0 | AD14: =IF(Z14=0,0,IF(OR(AND(G14<>"",ISNA(MATCH(G14,'CAD_UNIDADES'!$C$6:$C$105,0))),AND(H14<>"",ISNA(MATCH(H14,cmp_transp,0))),AND(I14<>"",ISNA(MATCH(I14,cmp_dest,0))),AND(E14<>"",NOT(ISNUMBER(E14))),AND(F14<>"",NOT(ISNUMBER(F14))),AND(ISNUMBER(E14),ISNUMBER(F14),F14<E14)),1,0)) -> 0 | AE14: =IF(Z14=0,0,IF(OR(B14="",C14="",E14="",G14="",H14="",I14="",N(W14)=0),1,0)) -> 0 | AF14: =IF(Z14=0,0,COUNTIFS('ITENS_MTR'!$S$6:$S$1005,A14,'ITENS_MTR'!$AI$6:$AI$1005,1)) -> 0 | AG14: =IF(Z14=0,0,COUNTIFS('ITENS_MTR'!$S$6:$S$1005,A14,'ITENS_MTR'!$AJ$6:$AJ$1005,1)) -> 0 | AH14: =IF(Z14=0,0,COUNTIFS('ITENS_MTR'!$S$6:$S$1005,A14,'ITENS_MTR'!$AM$6:$AM$1005,1)) -> 0 | AI14: =IF(Z14=0,0,COUNTIFS('ITENS_MTR'!$S$6:$S$1005,A14,'ITENS_MTR'!$AO$6:$AO$1005,1)) -> 0 | AJ14: =IF(Z14=0,0,COUNTIFS('ITENS_MTR'!$S$6:$S$1005,A14,'ITENS_MTR'!$AN$6:$AN$1005,1)) -> 0 | AK14: =IF(Z14=0,0,COUNTIFS('RECEBIMENTOS'!$B$6:$B$1005,A14,'RECEBIMENTOS'!$Y$6:$Y$1005,1)) -> 0 | AL14: =IF(Z14=0,0,COUNTIFS('VÍNCULOS_CDF'!$D$6:$D$1005,A14,'VÍNCULOS_CDF'!$Y$6:$Y$1005,1)) -> 0 | AM14: =IF(Z14=0,0,COUNTIFS('RECEBIMENTOS'!$B$6:$B$1005,A14,'RECEBIMENTOS'!$Q$6:$Q$1005,1)) -> 0 | AN14: =IF(AND(Z14=1,N(W14)>0,AG14=N(W14)),1,0) -> 0 | AO14: =IF(AND(Z14=1,N(W14)>0,AI14=N(W14)),1,0) -> 0 | AP14: =IF(Z14=0,0,_xlfn.MAXIFS('RECEBIMENTOS'!$E$6:$E$1005,'RECEBIMENTOS'!$B$6:$B$1005,A14)) -> 0 | AQ14: =IF(T14="","",IF(T14="RECEBIMENTO NÃO CONFIRMADO",IF(ISNUMBER(F14),F14,IF(ISNUMBER(E14),E14,"")),IF(OR(T14="CDF NÃO LOCALIZADO",T14="VÍNCULO INCOMPLETO",T14="CDF A CONFERIR"),IF(AP14>0,AP14,IF(ISNUMBER(E14),E14,"")),IF(ISNUMBER(E14),E14,"")))) | AR14: =IF(NOT(ISNUMBER(U14)),0,IF(T14="RECEBIMENTO NÃO CONFIRMADO",IF(AND(ISNUMBER(cfg_rec),U14>cfg_rec),1,0),IF(OR(T14="CDF NÃO LOCALIZADO",T14="VÍNCULO INCOMPLETO",T14="CDF A CONFERIR"),IF(AND(ISNUMBER(cfg_cdf),U14>cfg_cdf),1,0),0))) -> 0 | AS14: =IF(T14="","",IF(AR14=1,"Alta",IFERROR(INDEX(cfg_pp,MATCH(T14,cfg_pt,0))&"","Média"))) | AT14: =IF(T14="","",IFERROR(INDEX(cfg_pv,MATCH(T14,cfg_pt,0))&"","")) | AU14: =IF(T14="","",IF(AS14="Alta",1,IF(AS14="Média",2,3))*1000000000+(999999-IF(ISNUMBER(U14),MIN(U14,999999),0))*1000+9) | AV14: =IF(T14<>"",1,0) -> 0 | AW14: =IF(Z14=0,"",IF(AA14=1,"Cancelamento informado; ","")&IF(AE14=1,"Campos essenciais ou itens faltando; ","")&IF(AC14=1,"Possível duplicidade do número; ","")&IF(AD14=1,"Cadastro ou datas a revisar; ","")&IF(AF14>0,"Item de resíduo com dado a revisar; ","")&IF(AH14>0,"Diferença de quantidade a analisar; ","")&IF(AK14>0,"Recebimento com alerta; ","")&IF(AL14>0,"Vínculo de CDF com alerta; ","")&IF(AND(AA14=0,AN14=0),"Recebimento não confirmado; ","")&IF(AND(AA14=0,AN14=1,AO14=0),"CDF pendente ou a conferir; ","")) | AX14: =IF(Z14=0,0,IF(AND(OR(f_ini="",AND(ISNUMBER(E14),E14>=f_ini)),OR(f_fim="",AND(ISNUMBER(E14),E14<=f_fim)),OR(f_un="",f_un="(Todas)",G14=f_un),OR(f_tr="",f_tr="(Todos)",H14=f_tr),OR(f_de="",f_de="(Todos)",I14=f_de),OR(f_sit="",f_sit="(Todas)",S14=f_sit)),1,0)) -> 0 | AY14: =IF(AX14=0,0,IF(OR(f_res="",f_res="(Todos)"),1,IF(COUNTIFS('ITENS_MTR'!$S$6:$S$1005,A14,'ITENS_MTR'!$C$6:$C$1005,f_res)>0,1,0))) -> 0 | AZ14: =IF(ISNUMBER(E14),DATE(YEAR(E14),MONTH(E14),1),"") | BA14: =IF(Z14=0,0,IF(AND(OR(r_ini="",AND(ISNUMBER(E14),E14>=r_ini)),OR(r_fim="",AND(ISNUMBER(E14),E14<=r_fim)),OR(r_un="",r_un="(Todas)",G14=r_un),OR(r_de="",r_de="(Todos)",I14=r_de)),1,0)) -> 0 | BB14: =IF(BA14=1,COUNTIF($BA$6:BA14,1),"") | BC14: =IF(AND(AU14<>"",OR(r_un="",r_un="(Todas)",G14=r_un),OR(r_de="",r_de="(Todos)",I14=r_de)),AU14,"") | BD14: =IF(Z14=1,A14&" | nº "&IF(B14="","(sem número)",B14)&" | "&IF(G14="","(sem unidade)",G14),"") | BE14: =IF(Z14=1,COUNTIF($Z$6:Z14,1),"") | BF14: =IF(T14="","",IF(T14="RECEBIMENTO NÃO CONFIRMADO","Transp.: "&H14&" | Dest.: "&I14,IF(OR(T14="CDF NÃO LOCALIZADO",T14="VÍNCULO INCOMPLETO",T14="CDF A CONFERIR"),"Dest.: "&I14,"Gerador: "&G14)))
A15: MTR-000010 | P15: =IF(Z15=0,"",SUMIFS('ITENS_MTR'!$I$6:$I$1005,'ITENS_MTR'!$S$6:$S$1005,A15,'ITENS_MTR'!$Y$6:$Y$1005,1)) | Q15: =IF(Z15=0,"",SUMIFS('RECEBIMENTOS'!$H$6:$H$1005,'RECEBIMENTOS'!$B$6:$B$1005,A15,'RECEBIMENTOS'!$X$6:$X$1005,1)) | R15: =IF(Z15=0,"",SUMIFS('VÍNCULOS_CDF'!$H$6:$H$1005,'VÍNCULOS_CDF'!$D$6:$D$1005,A15,'VÍNCULOS_CDF'!$V$6:$V$1005,1)) | S15: =IF(Z15=0,"",IF(AA15=1,"Cancelado (informado)",IF(AE15=1,"Cadastro incompleto",IF(OR(AC15=1,AD15=1,AF15>0,AH15>0,AK15>0,AL15>0),"Informação a revisar",IF(AN15=0,"Aguardando recebimento",IF(N(R15)=0,"Aguardando CDF",IF(AJ15<N(W15),"Vínculo de CDF parcial",IF(AO15=0,"CDF localizado, a conferir","Documentação conferida")))))))) | T15: =IF(Z15=0,"",IF(S15="Cadastro incompleto","MTR INCOMPLETO",IF(S15="Informação a revisar",IF(AND(AH15>0,AC15=0,AD15=0,AF15=0,AK15=0,AL15=0),"QUANTIDADE A REVISAR","IDENTIFICAÇÃO A REVISAR"),IF(S15="Aguardando recebimento","RECEBIMENTO NÃO CONFIRMADO",IF(S15="Aguardando CDF","CDF NÃO LOCALIZADO",IF(S15="Vínculo de CDF parcial","VÍNCULO INCOMPLETO",IF(S15="CDF localizado, a conferir","CDF A CONFERIR",""))))))) | U15: =IF(T15="","",IF(AQ15="","Não calculável",IF(AQ15>TODAY(),"Data futura",TODAY()-AQ15))) | V15: =IF(Z15=0,"",SUMIFS('RECEBIMENTOS'!$H$6:$H$1005,'RECEBIMENTOS'!$B$6:$B$1005,A15,'RECEBIMENTOS'!$Z$6:$Z$1005,1)) | W15: =IF(Z15=0,"",COUNTIFS('ITENS_MTR'!$S$6:$S$1005,A15,'ITENS_MTR'!$R$6:$R$1005,1)) | X15: =IF(AC15=1,"POSSÍVEL DUPLICIDADE","") | Y15: =IF(Z15=0,"",IF(AW15="","Nenhuma",LEFT(AW15,LEN(AW15)-2))) | Z15: =IF(COUNTA(B15:O15)>0,1,0) -> 0 | AA15: =IF(AND(Z15=1,K15<>""),IF(TRIM(K15)=TRIM(cfg_cancel),1,0),0) -> 0 | AB15: =IF(AND(Z15=1,B15<>""),C15&"|"&D15&"|"&G15&"|"&TRIM(B15),"") | AC15: =IF(AB15="",0,IF(SUMPRODUCT(--($AB$6:$AB$505=AB15))>1,1,0)) -> 0 | AD15: =IF(Z15=0,0,IF(OR(AND(G15<>"",ISNA(MATCH(G15,'CAD_UNIDADES'!$C$6:$C$105,0))),AND(H15<>"",ISNA(MATCH(H15,cmp_transp,0))),AND(I15<>"",ISNA(MATCH(I15,cmp_dest,0))),AND(E15<>"",NOT(ISNUMBER(E15))),AND(F15<>"",NOT(ISNUMBER(F15))),AND(ISNUMBER(E15),ISNUMBER(F15),F15<E15)),1,0)) -> 0 | AE15: =IF(Z15=0,0,IF(OR(B15="",C15="",E15="",G15="",H15="",I15="",N(W15)=0),1,0)) -> 0 | AF15: =IF(Z15=0,0,COUNTIFS('ITENS_MTR'!$S$6:$S$1005,A15,'ITENS_MTR'!$AI$6:$AI$1005,1)) -> 0 | AG15: =IF(Z15=0,0,COUNTIFS('ITENS_MTR'!$S$6:$S$1005,A15,'ITENS_MTR'!$AJ$6:$AJ$1005,1)) -> 0 | AH15: =IF(Z15=0,0,COUNTIFS('ITENS_MTR'!$S$6:$S$1005,A15,'ITENS_MTR'!$AM$6:$AM$1005,1)) -> 0 | AI15: =IF(Z15=0,0,COUNTIFS('ITENS_MTR'!$S$6:$S$1005,A15,'ITENS_MTR'!$AO$6:$AO$1005,1)) -> 0 | AJ15: =IF(Z15=0,0,COUNTIFS('ITENS_MTR'!$S$6:$S$1005,A15,'ITENS_MTR'!$AN$6:$AN$1005,1)) -> 0 | AK15: =IF(Z15=0,0,COUNTIFS('RECEBIMENTOS'!$B$6:$B$1005,A15,'RECEBIMENTOS'!$Y$6:$Y$1005,1)) -> 0 | AL15: =IF(Z15=0,0,COUNTIFS('VÍNCULOS_CDF'!$D$6:$D$1005,A15,'VÍNCULOS_CDF'!$Y$6:$Y$1005,1)) -> 0 | AM15: =IF(Z15=0,0,COUNTIFS('RECEBIMENTOS'!$B$6:$B$1005,A15,'RECEBIMENTOS'!$Q$6:$Q$1005,1)) -> 0 | AN15: =IF(AND(Z15=1,N(W15)>0,AG15=N(W15)),1,0) -> 0 | AO15: =IF(AND(Z15=1,N(W15)>0,AI15=N(W15)),1,0) -> 0 | AP15: =IF(Z15=0,0,_xlfn.MAXIFS('RECEBIMENTOS'!$E$6:$E$1005,'RECEBIMENTOS'!$B$6:$B$1005,A15)) -> 0 | AQ15: =IF(T15="","",IF(T15="RECEBIMENTO NÃO CONFIRMADO",IF(ISNUMBER(F15),F15,IF(ISNUMBER(E15),E15,"")),IF(OR(T15="CDF NÃO LOCALIZADO",T15="VÍNCULO INCOMPLETO",T15="CDF A CONFERIR"),IF(AP15>0,AP15,IF(ISNUMBER(E15),E15,"")),IF(ISNUMBER(E15),E15,"")))) | AR15: =IF(NOT(ISNUMBER(U15)),0,IF(T15="RECEBIMENTO NÃO CONFIRMADO",IF(AND(ISNUMBER(cfg_rec),U15>cfg_rec),1,0),IF(OR(T15="CDF NÃO LOCALIZADO",T15="VÍNCULO INCOMPLETO",T15="CDF A CONFERIR"),IF(AND(ISNUMBER(cfg_cdf),U15>cfg_cdf),1,0),0))) -> 0 | AS15: =IF(T15="","",IF(AR15=1,"Alta",IFERROR(INDEX(cfg_pp,MATCH(T15,cfg_pt,0))&"","Média"))) | AT15: =IF(T15="","",IFERROR(INDEX(cfg_pv,MATCH(T15,cfg_pt,0))&"","")) | AU15: =IF(T15="","",IF(AS15="Alta",1,IF(AS15="Média",2,3))*1000000000+(999999-IF(ISNUMBER(U15),MIN(U15,999999),0))*1000+10) | AV15: =IF(T15<>"",1,0) -> 0 | AW15: =IF(Z15=0,"",IF(AA15=1,"Cancelamento informado; ","")&IF(AE15=1,"Campos essenciais ou itens faltando; ","")&IF(AC15=1,"Possível duplicidade do número; ","")&IF(AD15=1,"Cadastro ou datas a revisar; ","")&IF(AF15>0,"Item de resíduo com dado a revisar; ","")&IF(AH15>0,"Diferença de quantidade a analisar; ","")&IF(AK15>0,"Recebimento com alerta; ","")&IF(AL15>0,"Vínculo de CDF com alerta; ","")&IF(AND(AA15=0,AN15=0),"Recebimento não confirmado; ","")&IF(AND(AA15=0,AN15=1,AO15=0),"CDF pendente ou a conferir; ","")) | AX15: =IF(Z15=0,0,IF(AND(OR(f_ini="",AND(ISNUMBER(E15),E15>=f_ini)),OR(f_fim="",AND(ISNUMBER(E15),E15<=f_fim)),OR(f_un="",f_un="(Todas)",G15=f_un),OR(f_tr="",f_tr="(Todos)",H15=f_tr),OR(f_de="",f_de="(Todos)",I15=f_de),OR(f_sit="",f_sit="(Todas)",S15=f_sit)),1,0)) -> 0 | AY15: =IF(AX15=0,0,IF(OR(f_res="",f_res="(Todos)"),1,IF(COUNTIFS('ITENS_MTR'!$S$6:$S$1005,A15,'ITENS_MTR'!$C$6:$C$1005,f_res)>0,1,0))) -> 0 | AZ15: =IF(ISNUMBER(E15),DATE(YEAR(E15),MONTH(E15),1),"") | BA15: =IF(Z15=0,0,IF(AND(OR(r_ini="",AND(ISNUMBER(E15),E15>=r_ini)),OR(r_fim="",AND(ISNUMBER(E15),E15<=r_fim)),OR(r_un="",r_un="(Todas)",G15=r_un),OR(r_de="",r_de="(Todos)",I15=r_de)),1,0)) -> 0 | BB15: =IF(BA15=1,COUNTIF($BA$6:BA15,1),"") | BC15: =IF(AND(AU15<>"",OR(r_un="",r_un="(Todas)",G15=r_un),OR(r_de="",r_de="(Todos)",I15=r_de)),AU15,"") | BD15: =IF(Z15=1,A15&" | nº "&IF(B15="","(sem número)",B15)&" | "&IF(G15="","(sem unidade)",G15),"") | BE15: =IF(Z15=1,COUNTIF($Z$6:Z15,1),"") | BF15: =IF(T15="","",IF(T15="RECEBIMENTO NÃO CONFIRMADO","Transp.: "&H15&" | Dest.: "&I15,IF(OR(T15="CDF NÃO LOCALIZADO",T15="VÍNCULO INCOMPLETO",T15="CDF A CONFERIR"),"Dest.: "&I15,"Gerador: "&G15)))
A16: MTR-000011 | P16: =IF(Z16=0,"",SUMIFS('ITENS_MTR'!$I$6:$I$1005,'ITENS_MTR'!$S$6:$S$1005,A16,'ITENS_MTR'!$Y$6:$Y$1005,1)) | Q16: =IF(Z16=0,"",SUMIFS('RECEBIMENTOS'!$H$6:$H$1005,'RECEBIMENTOS'!$B$6:$B$1005,A16,'RECEBIMENTOS'!$X$6:$X$1005,1)) | R16: =IF(Z16=0,"",SUMIFS('VÍNCULOS_CDF'!$H$6:$H$1005,'VÍNCULOS_CDF'!$D$6:$D$1005,A16,'VÍNCULOS_CDF'!$V$6:$V$1005,1)) | S16: =IF(Z16=0,"",IF(AA16=1,"Cancelado (informado)",IF(AE16=1,"Cadastro incompleto",IF(OR(AC16=1,AD16=1,AF16>0,AH16>0,AK16>0,AL16>0),"Informação a revisar",IF(AN16=0,"Aguardando recebimento",IF(N(R16)=0,"Aguardando CDF",IF(AJ16<N(W16),"Vínculo de CDF parcial",IF(AO16=0,"CDF localizado, a conferir","Documentação conferida")))))))) | T16: =IF(Z16=0,"",IF(S16="Cadastro incompleto","MTR INCOMPLETO",IF(S16="Informação a revisar",IF(AND(AH16>0,AC16=0,AD16=0,AF16=0,AK16=0,AL16=0),"QUANTIDADE A REVISAR","IDENTIFICAÇÃO A REVISAR"),IF(S16="Aguardando recebimento","RECEBIMENTO NÃO CONFIRMADO",IF(S16="Aguardando CDF","CDF NÃO LOCALIZADO",IF(S16="Vínculo de CDF parcial","VÍNCULO INCOMPLETO",IF(S16="CDF localizado, a conferir","CDF A CONFERIR",""))))))) | U16: =IF(T16="","",IF(AQ16="","Não calculável",IF(AQ16>TODAY(),"Data futura",TODAY()-AQ16))) | V16: =IF(Z16=0,"",SUMIFS('RECEBIMENTOS'!$H$6:$H$1005,'RECEBIMENTOS'!$B$6:$B$1005,A16,'RECEBIMENTOS'!$Z$6:$Z$1005,1)) | W16: =IF(Z16=0,"",COUNTIFS('ITENS_MTR'!$S$6:$S$1005,A16,'ITENS_MTR'!$R$6:$R$1005,1)) | X16: =IF(AC16=1,"POSSÍVEL DUPLICIDADE","") | Y16: =IF(Z16=0,"",IF(AW16="","Nenhuma",LEFT(AW16,LEN(AW16)-2))) | Z16: =IF(COUNTA(B16:O16)>0,1,0) -> 0 | AA16: =IF(AND(Z16=1,K16<>""),IF(TRIM(K16)=TRIM(cfg_cancel),1,0),0) -> 0 | AB16: =IF(AND(Z16=1,B16<>""),C16&"|"&D16&"|"&G16&"|"&TRIM(B16),"") | AC16: =IF(AB16="",0,IF(SUMPRODUCT(--($AB$6:$AB$505=AB16))>1,1,0)) -> 0 | AD16: =IF(Z16=0,0,IF(OR(AND(G16<>"",ISNA(MATCH(G16,'CAD_UNIDADES'!$C$6:$C$105,0))),AND(H16<>"",ISNA(MATCH(H16,cmp_transp,0))),AND(I16<>"",ISNA(MATCH(I16,cmp_dest,0))),AND(E16<>"",NOT(ISNUMBER(E16))),AND(F16<>"",NOT(ISNUMBER(F16))),AND(ISNUMBER(E16),ISNUMBER(F16),F16<E16)),1,0)) -> 0 | AE16: =IF(Z16=0,0,IF(OR(B16="",C16="",E16="",G16="",H16="",I16="",N(W16)=0),1,0)) -> 0 | AF16: =IF(Z16=0,0,COUNTIFS('ITENS_MTR'!$S$6:$S$1005,A16,'ITENS_MTR'!$AI$6:$AI$1005,1)) -> 0 | AG16: =IF(Z16=0,0,COUNTIFS('ITENS_MTR'!$S$6:$S$1005,A16,'ITENS_MTR'!$AJ$6:$AJ$1005,1)) -> 0 | AH16: =IF(Z16=0,0,COUNTIFS('ITENS_MTR'!$S$6:$S$1005,A16,'ITENS_MTR'!$AM$6:$AM$1005,1)) -> 0 | AI16: =IF(Z16=0,0,COUNTIFS('ITENS_MTR'!$S$6:$S$1005,A16,'ITENS_MTR'!$AO$6:$AO$1005,1)) -> 0 | AJ16: =IF(Z16=0,0,COUNTIFS('ITENS_MTR'!$S$6:$S$1005,A16,'ITENS_MTR'!$AN$6:$AN$1005,1)) -> 0 | AK16: =IF(Z16=0,0,COUNTIFS('RECEBIMENTOS'!$B$6:$B$1005,A16,'RECEBIMENTOS'!$Y$6:$Y$1005,1)) -> 0 | AL16: =IF(Z16=0,0,COUNTIFS('VÍNCULOS_CDF'!$D$6:$D$1005,A16,'VÍNCULOS_CDF'!$Y$6:$Y$1005,1)) -> 0 | AM16: =IF(Z16=0,0,COUNTIFS('RECEBIMENTOS'!$B$6:$B$1005,A16,'RECEBIMENTOS'!$Q$6:$Q$1005,1)) -> 0 | AN16: =IF(AND(Z16=1,N(W16)>0,AG16=N(W16)),1,0) -> 0 | AO16: =IF(AND(Z16=1,N(W16)>0,AI16=N(W16)),1,0) -> 0 | AP16: =IF(Z16=0,0,_xlfn.MAXIFS('RECEBIMENTOS'!$E$6:$E$1005,'RECEBIMENTOS'!$B$6:$B$1005,A16)) -> 0 | AQ16: =IF(T16="","",IF(T16="RECEBIMENTO NÃO CONFIRMADO",IF(ISNUMBER(F16),F16,IF(ISNUMBER(E16),E16,"")),IF(OR(T16="CDF NÃO LOCALIZADO",T16="VÍNCULO INCOMPLETO",T16="CDF A CONFERIR"),IF(AP16>0,AP16,IF(ISNUMBER(E16),E16,"")),IF(ISNUMBER(E16),E16,"")))) | AR16: =IF(NOT(ISNUMBER(U16)),0,IF(T16="RECEBIMENTO NÃO CONFIRMADO",IF(AND(ISNUMBER(cfg_rec),U16>cfg_rec),1,0),IF(OR(T16="CDF NÃO LOCALIZADO",T16="VÍNCULO INCOMPLETO",T16="CDF A CONFERIR"),IF(AND(ISNUMBER(cfg_cdf),U16>cfg_cdf),1,0),0))) -> 0 | AS16: =IF(T16="","",IF(AR16=1,"Alta",IFERROR(INDEX(cfg_pp,MATCH(T16,cfg_pt,0))&"","Média"))) | AT16: =IF(T16="","",IFERROR(INDEX(cfg_pv,MATCH(T16,cfg_pt,0))&"","")) | AU16: =IF(T16="","",IF(AS16="Alta",1,IF(AS16="Média",2,3))*1000000000+(999999-IF(ISNUMBER(U16),MIN(U16,999999),0))*1000+11) | AV16: =IF(T16<>"",1,0) -> 0 | AW16: =IF(Z16=0,"",IF(AA16=1,"Cancelamento informado; ","")&IF(AE16=1,"Campos essenciais ou itens faltando; ","")&IF(AC16=1,"Possível duplicidade do número; ","")&IF(AD16=1,"Cadastro ou datas a revisar; ","")&IF(AF16>0,"Item de resíduo com dado a revisar; ","")&IF(AH16>0,"Diferença de quantidade a analisar; ","")&IF(AK16>0,"Recebimento com alerta; ","")&IF(AL16>0,"Vínculo de CDF com alerta; ","")&IF(AND(AA16=0,AN16=0),"Recebimento não confirmado; ","")&IF(AND(AA16=0,AN16=1,AO16=0),"CDF pendente ou a conferir; ","")) | AX16: =IF(Z16=0,0,IF(AND(OR(f_ini="",AND(ISNUMBER(E16),E16>=f_ini)),OR(f_fim="",AND(ISNUMBER(E16),E16<=f_fim)),OR(f_un="",f_un="(Todas)",G16=f_un),OR(f_tr="",f_tr="(Todos)",H16=f_tr),OR(f_de="",f_de="(Todos)",I16=f_de),OR(f_sit="",f_sit="(Todas)",S16=f_sit)),1,0)) -> 0 | AY16: =IF(AX16=0,0,IF(OR(f_res="",f_res="(Todos)"),1,IF(COUNTIFS('ITENS_MTR'!$S$6:$S$1005,A16,'ITENS_MTR'!$C$6:$C$1005,f_res)>0,1,0))) -> 0 | AZ16: =IF(ISNUMBER(E16),DATE(YEAR(E16),MONTH(E16),1),"") | BA16: =IF(Z16=0,0,IF(AND(OR(r_ini="",AND(ISNUMBER(E16),E16>=r_ini)),OR(r_fim="",AND(ISNUMBER(E16),E16<=r_fim)),OR(r_un="",r_un="(Todas)",G16=r_un),OR(r_de="",r_de="(Todos)",I16=r_de)),1,0)) -> 0 | BB16: =IF(BA16=1,COUNTIF($BA$6:BA16,1),"") | BC16: =IF(AND(AU16<>"",OR(r_un="",r_un="(Todas)",G16=r_un),OR(r_de="",r_de="(Todos)",I16=r_de)),AU16,"") | BD16: =IF(Z16=1,A16&" | nº "&IF(B16="","(sem número)",B16)&" | "&IF(G16="","(sem unidade)",G16),"") | BE16: =IF(Z16=1,COUNTIF($Z$6:Z16,1),"") | BF16: =IF(T16="","",IF(T16="RECEBIMENTO NÃO CONFIRMADO","Transp.: "&H16&" | Dest.: "&I16,IF(OR(T16="CDF NÃO LOCALIZADO",T16="VÍNCULO INCOMPLETO",T16="CDF A CONFERIR"),"Dest.: "&I16,"Gerador: "&G16)))
A17: MTR-000012 | P17: =IF(Z17=0,"",SUMIFS('ITENS_MTR'!$I$6:$I$1005,'ITENS_MTR'!$S$6:$S$1005,A17,'ITENS_MTR'!$Y$6:$Y$1005,1)) | Q17: =IF(Z17=0,"",SUMIFS('RECEBIMENTOS'!$H$6:$H$1005,'RECEBIMENTOS'!$B$6:$B$1005,A17,'RECEBIMENTOS'!$X$6:$X$1005,1)) | R17: =IF(Z17=0,"",SUMIFS('VÍNCULOS_CDF'!$H$6:$H$1005,'VÍNCULOS_CDF'!$D$6:$D$1005,A17,'VÍNCULOS_CDF'!$V$6:$V$1005,1)) | S17: =IF(Z17=0,"",IF(AA17=1,"Cancelado (informado)",IF(AE17=1,"Cadastro incompleto",IF(OR(AC17=1,AD17=1,AF17>0,AH17>0,AK17>0,AL17>0),"Informação a revisar",IF(AN17=0,"Aguardando recebimento",IF(N(R17)=0,"Aguardando CDF",IF(AJ17<N(W17),"Vínculo de CDF parcial",IF(AO17=0,"CDF localizado, a conferir","Documentação conferida")))))))) | T17: =IF(Z17=0,"",IF(S17="Cadastro incompleto","MTR INCOMPLETO",IF(S17="Informação a revisar",IF(AND(AH17>0,AC17=0,AD17=0,AF17=0,AK17=0,AL17=0),"QUANTIDADE A REVISAR","IDENTIFICAÇÃO A REVISAR"),IF(S17="Aguardando recebimento","RECEBIMENTO NÃO CONFIRMADO",IF(S17="Aguardando CDF","CDF NÃO LOCALIZADO",IF(S17="Vínculo de CDF parcial","VÍNCULO INCOMPLETO",IF(S17="CDF localizado, a conferir","CDF A CONFERIR",""))))))) | U17: =IF(T17="","",IF(AQ17="","Não calculável",IF(AQ17>TODAY(),"Data futura",TODAY()-AQ17))) | V17: =IF(Z17=0,"",SUMIFS('RECEBIMENTOS'!$H$6:$H$1005,'RECEBIMENTOS'!$B$6:$B$1005,A17,'RECEBIMENTOS'!$Z$6:$Z$1005,1)) | W17: =IF(Z17=0,"",COUNTIFS('ITENS_MTR'!$S$6:$S$1005,A17,'ITENS_MTR'!$R$6:$R$1005,1)) | X17: =IF(AC17=1,"POSSÍVEL DUPLICIDADE","") | Y17: =IF(Z17=0,"",IF(AW17="","Nenhuma",LEFT(AW17,LEN(AW17)-2))) | Z17: =IF(COUNTA(B17:O17)>0,1,0) -> 0 | AA17: =IF(AND(Z17=1,K17<>""),IF(TRIM(K17)=TRIM(cfg_cancel),1,0),0) -> 0 | AB17: =IF(AND(Z17=1,B17<>""),C17&"|"&D17&"|"&G17&"|"&TRIM(B17),"") | AC17: =IF(AB17="",0,IF(SUMPRODUCT(--($AB$6:$AB$505=AB17))>1,1,0)) -> 0 | AD17: =IF(Z17=0,0,IF(OR(AND(G17<>"",ISNA(MATCH(G17,'CAD_UNIDADES'!$C$6:$C$105,0))),AND(H17<>"",ISNA(MATCH(H17,cmp_transp,0))),AND(I17<>"",ISNA(MATCH(I17,cmp_dest,0))),AND(E17<>"",NOT(ISNUMBER(E17))),AND(F17<>"",NOT(ISNUMBER(F17))),AND(ISNUMBER(E17),ISNUMBER(F17),F17<E17)),1,0)) -> 0 | AE17: =IF(Z17=0,0,IF(OR(B17="",C17="",E17="",G17="",H17="",I17="",N(W17)=0),1,0)) -> 0 | AF17: =IF(Z17=0,0,COUNTIFS('ITENS_MTR'!$S$6:$S$1005,A17,'ITENS_MTR'!$AI$6:$AI$1005,1)) -> 0 | AG17: =IF(Z17=0,0,COUNTIFS('ITENS_MTR'!$S$6:$S$1005,A17,'ITENS_MTR'!$AJ$6:$AJ$1005,1)) -> 0 | AH17: =IF(Z17=0,0,COUNTIFS('ITENS_MTR'!$S$6:$S$1005,A17,'ITENS_MTR'!$AM$6:$AM$1005,1)) -> 0 | AI17: =IF(Z17=0,0,COUNTIFS('ITENS_MTR'!$S$6:$S$1005,A17,'ITENS_MTR'!$AO$6:$AO$1005,1)) -> 0 | AJ17: =IF(Z17=0,0,COUNTIFS('ITENS_MTR'!$S$6:$S$1005,A17,'ITENS_MTR'!$AN$6:$AN$1005,1)) -> 0 | AK17: =IF(Z17=0,0,COUNTIFS('RECEBIMENTOS'!$B$6:$B$1005,A17,'RECEBIMENTOS'!$Y$6:$Y$1005,1)) -> 0 | AL17: =IF(Z17=0,0,COUNTIFS('VÍNCULOS_CDF'!$D$6:$D$1005,A17,'VÍNCULOS_CDF'!$Y$6:$Y$1005,1)) -> 0 | AM17: =IF(Z17=0,0,COUNTIFS('RECEBIMENTOS'!$B$6:$B$1005,A17,'RECEBIMENTOS'!$Q$6:$Q$1005,1)) -> 0 | AN17: =IF(AND(Z17=1,N(W17)>0,AG17=N(W17)),1,0) -> 0 | AO17: =IF(AND(Z17=1,N(W17)>0,AI17=N(W17)),1,0) -> 0 | AP17: =IF(Z17=0,0,_xlfn.MAXIFS('RECEBIMENTOS'!$E$6:$E$1005,'RECEBIMENTOS'!$B$6:$B$1005,A17)) -> 0 | AQ17: =IF(T17="","",IF(T17="RECEBIMENTO NÃO CONFIRMADO",IF(ISNUMBER(F17),F17,IF(ISNUMBER(E17),E17,"")),IF(OR(T17="CDF NÃO LOCALIZADO",T17="VÍNCULO INCOMPLETO",T17="CDF A CONFERIR"),IF(AP17>0,AP17,IF(ISNUMBER(E17),E17,"")),IF(ISNUMBER(E17),E17,"")))) | AR17: =IF(NOT(ISNUMBER(U17)),0,IF(T17="RECEBIMENTO NÃO CONFIRMADO",IF(AND(ISNUMBER(cfg_rec),U17>cfg_rec),1,0),IF(OR(T17="CDF NÃO LOCALIZADO",T17="VÍNCULO INCOMPLETO",T17="CDF A CONFERIR"),IF(AND(ISNUMBER(cfg_cdf),U17>cfg_cdf),1,0),0))) -> 0 | AS17: =IF(T17="","",IF(AR17=1,"Alta",IFERROR(INDEX(cfg_pp,MATCH(T17,cfg_pt,0))&"","Média"))) | AT17: =IF(T17="","",IFERROR(INDEX(cfg_pv,MATCH(T17,cfg_pt,0))&"","")) | AU17: =IF(T17="","",IF(AS17="Alta",1,IF(AS17="Média",2,3))*1000000000+(999999-IF(ISNUMBER(U17),MIN(U17,999999),0))*1000+12) | AV17: =IF(T17<>"",1,0) -> 0 | AW17: =IF(Z17=0,"",IF(AA17=1,"Cancelamento informado; ","")&IF(AE17=1,"Campos essenciais ou itens faltando; ","")&IF(AC17=1,"Possível duplicidade do número; ","")&IF(AD17=1,"Cadastro ou datas a revisar; ","")&IF(AF17>0,"Item de resíduo com dado a revisar; ","")&IF(AH17>0,"Diferença de quantidade a analisar; ","")&IF(AK17>0,"Recebimento com alerta; ","")&IF(AL17>0,"Vínculo de CDF com alerta; ","")&IF(AND(AA17=0,AN17=0),"Recebimento não confirmado; ","")&IF(AND(AA17=0,AN17=1,AO17=0),"CDF pendente ou a conferir; ","")) | AX17: =IF(Z17=0,0,IF(AND(OR(f_ini="",AND(ISNUMBER(E17),E17>=f_ini)),OR(f_fim="",AND(ISNUMBER(E17),E17<=f_fim)),OR(f_un="",f_un="(Todas)",G17=f_un),OR(f_tr="",f_tr="(Todos)",H17=f_tr),OR(f_de="",f_de="(Todos)",I17=f_de),OR(f_sit="",f_sit="(Todas)",S17=f_sit)),1,0)) -> 0 | AY17: =IF(AX17=0,0,IF(OR(f_res="",f_res="(Todos)"),1,IF(COUNTIFS('ITENS_MTR'!$S$6:$S$1005,A17,'ITENS_MTR'!$C$6:$C$1005,f_res)>0,1,0))) -> 0 | AZ17: =IF(ISNUMBER(E17),DATE(YEAR(E17),MONTH(E17),1),"") | BA17: =IF(Z17=0,0,IF(AND(OR(r_ini="",AND(ISNUMBER(E17),E17>=r_ini)),OR(r_fim="",AND(ISNUMBER(E17),E17<=r_fim)),OR(r_un="",r_un="(Todas)",G17=r_un),OR(r_de="",r_de="(Todos)",I17=r_de)),1,0)) -> 0 | BB17: =IF(BA17=1,COUNTIF($BA$6:BA17,1),"") | BC17: =IF(AND(AU17<>"",OR(r_un="",r_un="(Todas)",G17=r_un),OR(r_de="",r_de="(Todos)",I17=r_de)),AU17,"") | BD17: =IF(Z17=1,A17&" | nº "&IF(B17="","(sem número)",B17)&" | "&IF(G17="","(sem unidade)",G17),"") | BE17: =IF(Z17=1,COUNTIF($Z$6:Z17,1),"") | BF17: =IF(T17="","",IF(T17="RECEBIMENTO NÃO CONFIRMADO","Transp.: "&H17&" | Dest.: "&I17,IF(OR(T17="CDF NÃO LOCALIZADO",T17="VÍNCULO INCOMPLETO",T17="CDF A CONFERIR"),"Dest.: "&I17,"Gerador: "&G17)))
A18: MTR-000013 | P18: =IF(Z18=0,"",SUMIFS('ITENS_MTR'!$I$6:$I$1005,'ITENS_MTR'!$S$6:$S$1005,A18,'ITENS_MTR'!$Y$6:$Y$1005,1)) | Q18: =IF(Z18=0,"",SUMIFS('RECEBIMENTOS'!$H$6:$H$1005,'RECEBIMENTOS'!$B$6:$B$1005,A18,'RECEBIMENTOS'!$X$6:$X$1005,1)) | R18: =IF(Z18=0,"",SUMIFS('VÍNCULOS_CDF'!$H$6:$H$1005,'VÍNCULOS_CDF'!$D$6:$D$1005,A18,'VÍNCULOS_CDF'!$V$6:$V$1005,1)) | S18: =IF(Z18=0,"",IF(AA18=1,"Cancelado (informado)",IF(AE18=1,"Cadastro incompleto",IF(OR(AC18=1,AD18=1,AF18>0,AH18>0,AK18>0,AL18>0),"Informação a revisar",IF(AN18=0,"Aguardando recebimento",IF(N(R18)=0,"Aguardando CDF",IF(AJ18<N(W18),"Vínculo de CDF parcial",IF(AO18=0,"CDF localizado, a conferir","Documentação conferida")))))))) | T18: =IF(Z18=0,"",IF(S18="Cadastro incompleto","MTR INCOMPLETO",IF(S18="Informação a revisar",IF(AND(AH18>0,AC18=0,AD18=0,AF18=0,AK18=0,AL18=0),"QUANTIDADE A REVISAR","IDENTIFICAÇÃO A REVISAR"),IF(S18="Aguardando recebimento","RECEBIMENTO NÃO CONFIRMADO",IF(S18="Aguardando CDF","CDF NÃO LOCALIZADO",IF(S18="Vínculo de CDF parcial","VÍNCULO INCOMPLETO",IF(S18="CDF localizado, a conferir","CDF A CONFERIR",""))))))) | U18: =IF(T18="","",IF(AQ18="","Não calculável",IF(AQ18>TODAY(),"Data futura",TODAY()-AQ18))) | V18: =IF(Z18=0,"",SUMIFS('RECEBIMENTOS'!$H$6:$H$1005,'RECEBIMENTOS'!$B$6:$B$1005,A18,'RECEBIMENTOS'!$Z$6:$Z$1005,1)) | W18: =IF(Z18=0,"",COUNTIFS('ITENS_MTR'!$S$6:$S$1005,A18,'ITENS_MTR'!$R$6:$R$1005,1)) | X18: =IF(AC18=1,"POSSÍVEL DUPLICIDADE","") | Y18: =IF(Z18=0,"",IF(AW18="","Nenhuma",LEFT(AW18,LEN(AW18)-2))) | Z18: =IF(COUNTA(B18:O18)>0,1,0) -> 0 | AA18: =IF(AND(Z18=1,K18<>""),IF(TRIM(K18)=TRIM(cfg_cancel),1,0),0) -> 0 | AB18: =IF(AND(Z18=1,B18<>""),C18&"|"&D18&"|"&G18&"|"&TRIM(B18),"") | AC18: =IF(AB18="",0,IF(SUMPRODUCT(--($AB$6:$AB$505=AB18))>1,1,0)) -> 0 | AD18: =IF(Z18=0,0,IF(OR(AND(G18<>"",ISNA(MATCH(G18,'CAD_UNIDADES'!$C$6:$C$105,0))),AND(H18<>"",ISNA(MATCH(H18,cmp_transp,0))),AND(I18<>"",ISNA(MATCH(I18,cmp_dest,0))),AND(E18<>"",NOT(ISNUMBER(E18))),AND(F18<>"",NOT(ISNUMBER(F18))),AND(ISNUMBER(E18),ISNUMBER(F18),F18<E18)),1,0)) -> 0 | AE18: =IF(Z18=0,0,IF(OR(B18="",C18="",E18="",G18="",H18="",I18="",N(W18)=0),1,0)) -> 0 | AF18: =IF(Z18=0,0,COUNTIFS('ITENS_MTR'!$S$6:$S$1005,A18,'ITENS_MTR'!$AI$6:$AI$1005,1)) -> 0 | AG18: =IF(Z18=0,0,COUNTIFS('ITENS_MTR'!$S$6:$S$1005,A18,'ITENS_MTR'!$AJ$6:$AJ$1005,1)) -> 0 | AH18: =IF(Z18=0,0,COUNTIFS('ITENS_MTR'!$S$6:$S$1005,A18,'ITENS_MTR'!$AM$6:$AM$1005,1)) -> 0 | AI18: =IF(Z18=0,0,COUNTIFS('ITENS_MTR'!$S$6:$S$1005,A18,'ITENS_MTR'!$AO$6:$AO$1005,1)) -> 0 | AJ18: =IF(Z18=0,0,COUNTIFS('ITENS_MTR'!$S$6:$S$1005,A18,'ITENS_MTR'!$AN$6:$AN$1005,1)) -> 0 | AK18: =IF(Z18=0,0,COUNTIFS('RECEBIMENTOS'!$B$6:$B$1005,A18,'RECEBIMENTOS'!$Y$6:$Y$1005,1)) -> 0 | AL18: =IF(Z18=0,0,COUNTIFS('VÍNCULOS_CDF'!$D$6:$D$1005,A18,'VÍNCULOS_CDF'!$Y$6:$Y$1005,1)) -> 0 | AM18: =IF(Z18=0,0,COUNTIFS('RECEBIMENTOS'!$B$6:$B$1005,A18,'RECEBIMENTOS'!$Q$6:$Q$1005,1)) -> 0 | AN18: =IF(AND(Z18=1,N(W18)>0,AG18=N(W18)),1,0) -> 0 | AO18: =IF(AND(Z18=1,N(W18)>0,AI18=N(W18)),1,0) -> 0 | AP18: =IF(Z18=0,0,_xlfn.MAXIFS('RECEBIMENTOS'!$E$6:$E$1005,'RECEBIMENTOS'!$B$6:$B$1005,A18)) -> 0 | AQ18: =IF(T18="","",IF(T18="RECEBIMENTO NÃO CONFIRMADO",IF(ISNUMBER(F18),F18,IF(ISNUMBER(E18),E18,"")),IF(OR(T18="CDF NÃO LOCALIZADO",T18="VÍNCULO INCOMPLETO",T18="CDF A CONFERIR"),IF(AP18>0,AP18,IF(ISNUMBER(E18),E18,"")),IF(ISNUMBER(E18),E18,"")))) | AR18: =IF(NOT(ISNUMBER(U18)),0,IF(T18="RECEBIMENTO NÃO CONFIRMADO",IF(AND(ISNUMBER(cfg_rec),U18>cfg_rec),1,0),IF(OR(T18="CDF NÃO LOCALIZADO",T18="VÍNCULO INCOMPLETO",T18="CDF A CONFERIR"),IF(AND(ISNUMBER(cfg_cdf),U18>cfg_cdf),1,0),0))) -> 0 | AS18: =IF(T18="","",IF(AR18=1,"Alta",IFERROR(INDEX(cfg_pp,MATCH(T18,cfg_pt,0))&"","Média"))) | AT18: =IF(T18="","",IFERROR(INDEX(cfg_pv,MATCH(T18,cfg_pt,0))&"","")) | AU18: =IF(T18="","",IF(AS18="Alta",1,IF(AS18="Média",2,3))*1000000000+(999999-IF(ISNUMBER(U18),MIN(U18,999999),0))*1000+13) | AV18: =IF(T18<>"",1,0) -> 0 | AW18: =IF(Z18=0,"",IF(AA18=1,"Cancelamento informado; ","")&IF(AE18=1,"Campos essenciais ou itens faltando; ","")&IF(AC18=1,"Possível duplicidade do número; ","")&IF(AD18=1,"Cadastro ou datas a revisar; ","")&IF(AF18>0,"Item de resíduo com dado a revisar; ","")&IF(AH18>0,"Diferença de quantidade a analisar; ","")&IF(AK18>0,"Recebimento com alerta; ","")&IF(AL18>0,"Vínculo de CDF com alerta; ","")&IF(AND(AA18=0,AN18=0),"Recebimento não confirmado; ","")&IF(AND(AA18=0,AN18=1,AO18=0),"CDF pendente ou a conferir; ","")) | AX18: =IF(Z18=0,0,IF(AND(OR(f_ini="",AND(ISNUMBER(E18),E18>=f_ini)),OR(f_fim="",AND(ISNUMBER(E18),E18<=f_fim)),OR(f_un="",f_un="(Todas)",G18=f_un),OR(f_tr="",f_tr="(Todos)",H18=f_tr),OR(f_de="",f_de="(Todos)",I18=f_de),OR(f_sit="",f_sit="(Todas)",S18=f_sit)),1,0)) -> 0 | AY18: =IF(AX18=0,0,IF(OR(f_res="",f_res="(Todos)"),1,IF(COUNTIFS('ITENS_MTR'!$S$6:$S$1005,A18,'ITENS_MTR'!$C$6:$C$1005,f_res)>0,1,0))) -> 0 | AZ18: =IF(ISNUMBER(E18),DATE(YEAR(E18),MONTH(E18),1),"") | BA18: =IF(Z18=0,0,IF(AND(OR(r_ini="",AND(ISNUMBER(E18),E18>=r_ini)),OR(r_fim="",AND(ISNUMBER(E18),E18<=r_fim)),OR(r_un="",r_un="(Todas)",G18=r_un),OR(r_de="",r_de="(Todos)",I18=r_de)),1,0)) -> 0 | BB18: =IF(BA18=1,COUNTIF($BA$6:BA18,1),"") | BC18: =IF(AND(AU18<>"",OR(r_un="",r_un="(Todas)",G18=r_un),OR(r_de="",r_de="(Todos)",I18=r_de)),AU18,"") | BD18: =IF(Z18=1,A18&" | nº "&IF(B18="","(sem número)",B18)&" | "&IF(G18="","(sem unidade)",G18),"") | BE18: =IF(Z18=1,COUNTIF($Z$6:Z18,1),"") | BF18: =IF(T18="","",IF(T18="RECEBIMENTO NÃO CONFIRMADO","Transp.: "&H18&" | Dest.: "&I18,IF(OR(T18="CDF NÃO LOCALIZADO",T18="VÍNCULO INCOMPLETO",T18="CDF A CONFERIR"),"Dest.: "&I18,"Gerador: "&G18)))
A19: MTR-000014 | P19: =IF(Z19=0,"",SUMIFS('ITENS_MTR'!$I$6:$I$1005,'ITENS_MTR'!$S$6:$S$1005,A19,'ITENS_MTR'!$Y$6:$Y$1005,1)) | Q19: =IF(Z19=0,"",SUMIFS('RECEBIMENTOS'!$H$6:$H$1005,'RECEBIMENTOS'!$B$6:$B$1005,A19,'RECEBIMENTOS'!$X$6:$X$1005,1)) | R19: =IF(Z19=0,"",SUMIFS('VÍNCULOS_CDF'!$H$6:$H$1005,'VÍNCULOS_CDF'!$D$6:$D$1005,A19,'VÍNCULOS_CDF'!$V$6:$V$1005,1)) | S19: =IF(Z19=0,"",IF(AA19=1,"Cancelado (informado)",IF(AE19=1,"Cadastro incompleto",IF(OR(AC19=1,AD19=1,AF19>0,AH19>0,AK19>0,AL19>0),"Informação a revisar",IF(AN19=0,"Aguardando recebimento",IF(N(R19)=0,"Aguardando CDF",IF(AJ19<N(W19),"Vínculo de CDF parcial",IF(AO19=0,"CDF localizado, a conferir","Documentação conferida")))))))) | T19: =IF(Z19=0,"",IF(S19="Cadastro incompleto","MTR INCOMPLETO",IF(S19="Informação a revisar",IF(AND(AH19>0,AC19=0,AD19=0,AF19=0,AK19=0,AL19=0),"QUANTIDADE A REVISAR","IDENTIFICAÇÃO A REVISAR"),IF(S19="Aguardando recebimento","RECEBIMENTO NÃO CONFIRMADO",IF(S19="Aguardando CDF","CDF NÃO LOCALIZADO",IF(S19="Vínculo de CDF parcial","VÍNCULO INCOMPLETO",IF(S19="CDF localizado, a conferir","CDF A CONFERIR",""))))))) | U19: =IF(T19="","",IF(AQ19="","Não calculável",IF(AQ19>TODAY(),"Data futura",TODAY()-AQ19))) | V19: =IF(Z19=0,"",SUMIFS('RECEBIMENTOS'!$H$6:$H$1005,'RECEBIMENTOS'!$B$6:$B$1005,A19,'RECEBIMENTOS'!$Z$6:$Z$1005,1)) | W19: =IF(Z19=0,"",COUNTIFS('ITENS_MTR'!$S$6:$S$1005,A19,'ITENS_MTR'!$R$6:$R$1005,1)) | X19: =IF(AC19=1,"POSSÍVEL DUPLICIDADE","") | Y19: =IF(Z19=0,"",IF(AW19="","Nenhuma",LEFT(AW19,LEN(AW19)-2))) | Z19: =IF(COUNTA(B19:O19)>0,1,0) -> 0 | AA19: =IF(AND(Z19=1,K19<>""),IF(TRIM(K19)=TRIM(cfg_cancel),1,0),0) -> 0 | AB19: =IF(AND(Z19=1,B19<>""),C19&"|"&D19&"|"&G19&"|"&TRIM(B19),"") | AC19: =IF(AB19="",0,IF(SUMPRODUCT(--($AB$6:$AB$505=AB19))>1,1,0)) -> 0 | AD19: =IF(Z19=0,0,IF(OR(AND(G19<>"",ISNA(MATCH(G19,'CAD_UNIDADES'!$C$6:$C$105,0))),AND(H19<>"",ISNA(MATCH(H19,cmp_transp,0))),AND(I19<>"",ISNA(MATCH(I19,cmp_dest,0))),AND(E19<>"",NOT(ISNUMBER(E19))),AND(F19<>"",NOT(ISNUMBER(F19))),AND(ISNUMBER(E19),ISNUMBER(F19),F19<E19)),1,0)) -> 0 | AE19: =IF(Z19=0,0,IF(OR(B19="",C19="",E19="",G19="",H19="",I19="",N(W19)=0),1,0)) -> 0 | AF19: =IF(Z19=0,0,COUNTIFS('ITENS_MTR'!$S$6:$S$1005,A19,'ITENS_MTR'!$AI$6:$AI$1005,1)) -> 0 | AG19: =IF(Z19=0,0,COUNTIFS('ITENS_MTR'!$S$6:$S$1005,A19,'ITENS_MTR'!$AJ$6:$AJ$1005,1)) -> 0 | AH19: =IF(Z19=0,0,COUNTIFS('ITENS_MTR'!$S$6:$S$1005,A19,'ITENS_MTR'!$AM$6:$AM$1005,1)) -> 0 | AI19: =IF(Z19=0,0,COUNTIFS('ITENS_MTR'!$S$6:$S$1005,A19,'ITENS_MTR'!$AO$6:$AO$1005,1)) -> 0 | AJ19: =IF(Z19=0,0,COUNTIFS('ITENS_MTR'!$S$6:$S$1005,A19,'ITENS_MTR'!$AN$6:$AN$1005,1)) -> 0 | AK19: =IF(Z19=0,0,COUNTIFS('RECEBIMENTOS'!$B$6:$B$1005,A19,'RECEBIMENTOS'!$Y$6:$Y$1005,1)) -> 0 | AL19: =IF(Z19=0,0,COUNTIFS('VÍNCULOS_CDF'!$D$6:$D$1005,A19,'VÍNCULOS_CDF'!$Y$6:$Y$1005,1)) -> 0 | AM19: =IF(Z19=0,0,COUNTIFS('RECEBIMENTOS'!$B$6:$B$1005,A19,'RECEBIMENTOS'!$Q$6:$Q$1005,1)) -> 0 | AN19: =IF(AND(Z19=1,N(W19)>0,AG19=N(W19)),1,0) -> 0 | AO19: =IF(AND(Z19=1,N(W19)>0,AI19=N(W19)),1,0) -> 0 | AP19: =IF(Z19=0,0,_xlfn.MAXIFS('RECEBIMENTOS'!$E$6:$E$1005,'RECEBIMENTOS'!$B$6:$B$1005,A19)) -> 0 | AQ19: =IF(T19="","",IF(T19="RECEBIMENTO NÃO CONFIRMADO",IF(ISNUMBER(F19),F19,IF(ISNUMBER(E19),E19,"")),IF(OR(T19="CDF NÃO LOCALIZADO",T19="VÍNCULO INCOMPLETO",T19="CDF A CONFERIR"),IF(AP19>0,AP19,IF(ISNUMBER(E19),E19,"")),IF(ISNUMBER(E19),E19,"")))) | AR19: =IF(NOT(ISNUMBER(U19)),0,IF(T19="RECEBIMENTO NÃO CONFIRMADO",IF(AND(ISNUMBER(cfg_rec),U19>cfg_rec),1,0),IF(OR(T19="CDF NÃO LOCALIZADO",T19="VÍNCULO INCOMPLETO",T19="CDF A CONFERIR"),IF(AND(ISNUMBER(cfg_cdf),U19>cfg_cdf),1,0),0))) -> 0 | AS19: =IF(T19="","",IF(AR19=1,"Alta",IFERROR(INDEX(cfg_pp,MATCH(T19,cfg_pt,0))&"","Média"))) | AT19: =IF(T19="","",IFERROR(INDEX(cfg_pv,MATCH(T19,cfg_pt,0))&"","")) | AU19: =IF(T19="","",IF(AS19="Alta",1,IF(AS19="Média",2,3))*1000000000+(999999-IF(ISNUMBER(U19),MIN(U19,999999),0))*1000+14) | AV19: =IF(T19<>"",1,0) -> 0 | AW19: =IF(Z19=0,"",IF(AA19=1,"Cancelamento informado; ","")&IF(AE19=1,"Campos essenciais ou itens faltando; ","")&IF(AC19=1,"Possível duplicidade do número; ","")&IF(AD19=1,"Cadastro ou datas a revisar; ","")&IF(AF19>0,"Item de resíduo com dado a revisar; ","")&IF(AH19>0,"Diferença de quantidade a analisar; ","")&IF(AK19>0,"Recebimento com alerta; ","")&IF(AL19>0,"Vínculo de CDF com alerta; ","")&IF(AND(AA19=0,AN19=0),"Recebimento não confirmado; ","")&IF(AND(AA19=0,AN19=1,AO19=0),"CDF pendente ou a conferir; ","")) | AX19: =IF(Z19=0,0,IF(AND(OR(f_ini="",AND(ISNUMBER(E19),E19>=f_ini)),OR(f_fim="",AND(ISNUMBER(E19),E19<=f_fim)),OR(f_un="",f_un="(Todas)",G19=f_un),OR(f_tr="",f_tr="(Todos)",H19=f_tr),OR(f_de="",f_de="(Todos)",I19=f_de),OR(f_sit="",f_sit="(Todas)",S19=f_sit)),1,0)) -> 0 | AY19: =IF(AX19=0,0,IF(OR(f_res="",f_res="(Todos)"),1,IF(COUNTIFS('ITENS_MTR'!$S$6:$S$1005,A19,'ITENS_MTR'!$C$6:$C$1005,f_res)>0,1,0))) -> 0 | AZ19: =IF(ISNUMBER(E19),DATE(YEAR(E19),MONTH(E19),1),"") | BA19: =IF(Z19=0,0,IF(AND(OR(r_ini="",AND(ISNUMBER(E19),E19>=r_ini)),OR(r_fim="",AND(ISNUMBER(E19),E19<=r_fim)),OR(r_un="",r_un="(Todas)",G19=r_un),OR(r_de="",r_de="(Todos)",I19=r_de)),1,0)) -> 0 | BB19: =IF(BA19=1,COUNTIF($BA$6:BA19,1),"") | BC19: =IF(AND(AU19<>"",OR(r_un="",r_un="(Todas)",G19=r_un),OR(r_de="",r_de="(Todos)",I19=r_de)),AU19,"") | BD19: =IF(Z19=1,A19&" | nº "&IF(B19="","(sem número)",B19)&" | "&IF(G19="","(sem unidade)",G19),"") | BE19: =IF(Z19=1,COUNTIF($Z$6:Z19,1),"") | BF19: =IF(T19="","",IF(T19="RECEBIMENTO NÃO CONFIRMADO","Transp.: "&H19&" | Dest.: "&I19,IF(OR(T19="CDF NÃO LOCALIZADO",T19="VÍNCULO INCOMPLETO",T19="CDF A CONFERIR"),"Dest.: "&I19,"Gerador: "&G19)))
A20: MTR-000015 | P20: =IF(Z20=0,"",SUMIFS('ITENS_MTR'!$I$6:$I$1005,'ITENS_MTR'!$S$6:$S$1005,A20,'ITENS_MTR'!$Y$6:$Y$1005,1)) | Q20: =IF(Z20=0,"",SUMIFS('RECEBIMENTOS'!$H$6:$H$1005,'RECEBIMENTOS'!$B$6:$B$1005,A20,'RECEBIMENTOS'!$X$6:$X$1005,1)) | R20: =IF(Z20=0,"",SUMIFS('VÍNCULOS_CDF'!$H$6:$H$1005,'VÍNCULOS_CDF'!$D$6:$D$1005,A20,'VÍNCULOS_CDF'!$V$6:$V$1005,1)) | S20: =IF(Z20=0,"",IF(AA20=1,"Cancelado (informado)",IF(AE20=1,"Cadastro incompleto",IF(OR(AC20=1,AD20=1,AF20>0,AH20>0,AK20>0,AL20>0),"Informação a revisar",IF(AN20=0,"Aguardando recebimento",IF(N(R20)=0,"Aguardando CDF",IF(AJ20<N(W20),"Vínculo de CDF parcial",IF(AO20=0,"CDF localizado, a conferir","Documentação conferida")))))))) | T20: =IF(Z20=0,"",IF(S20="Cadastro incompleto","MTR INCOMPLETO",IF(S20="Informação a revisar",IF(AND(AH20>0,AC20=0,AD20=0,AF20=0,AK20=0,AL20=0),"QUANTIDADE A REVISAR","IDENTIFICAÇÃO A REVISAR"),IF(S20="Aguardando recebimento","RECEBIMENTO NÃO CONFIRMADO",IF(S20="Aguardando CDF","CDF NÃO LOCALIZADO",IF(S20="Vínculo de CDF parcial","VÍNCULO INCOMPLETO",IF(S20="CDF localizado, a conferir","CDF A CONFERIR",""))))))) | U20: =IF(T20="","",IF(AQ20="","Não calculável",IF(AQ20>TODAY(),"Data futura",TODAY()-AQ20))) | V20: =IF(Z20=0,"",SUMIFS('RECEBIMENTOS'!$H$6:$H$1005,'RECEBIMENTOS'!$B$6:$B$1005,A20,'RECEBIMENTOS'!$Z$6:$Z$1005,1)) | W20: =IF(Z20=0,"",COUNTIFS('ITENS_MTR'!$S$6:$S$1005,A20,'ITENS_MTR'!$R$6:$R$1005,1)) | X20: =IF(AC20=1,"POSSÍVEL DUPLICIDADE","") | Y20: =IF(Z20=0,"",IF(AW20="","Nenhuma",LEFT(AW20,LEN(AW20)-2))) | Z20: =IF(COUNTA(B20:O20)>0,1,0) -> 0 | AA20: =IF(AND(Z20=1,K20<>""),IF(TRIM(K20)=TRIM(cfg_cancel),1,0),0) -> 0 | AB20: =IF(AND(Z20=1,B20<>""),C20&"|"&D20&"|"&G20&"|"&TRIM(B20),"") | AC20: =IF(AB20="",0,IF(SUMPRODUCT(--($AB$6:$AB$505=AB20))>1,1,0)) -> 0 | AD20: =IF(Z20=0,0,IF(OR(AND(G20<>"",ISNA(MATCH(G20,'CAD_UNIDADES'!$C$6:$C$105,0))),AND(H20<>"",ISNA(MATCH(H20,cmp_transp,0))),AND(I20<>"",ISNA(MATCH(I20,cmp_dest,0))),AND(E20<>"",NOT(ISNUMBER(E20))),AND(F20<>"",NOT(ISNUMBER(F20))),AND(ISNUMBER(E20),ISNUMBER(F20),F20<E20)),1,0)) -> 0 | AE20: =IF(Z20=0,0,IF(OR(B20="",C20="",E20="",G20="",H20="",I20="",N(W20)=0),1,0)) -> 0 | AF20: =IF(Z20=0,0,COUNTIFS('ITENS_MTR'!$S$6:$S$1005,A20,'ITENS_MTR'!$AI$6:$AI$1005,1)) -> 0 | AG20: =IF(Z20=0,0,COUNTIFS('ITENS_MTR'!$S$6:$S$1005,A20,'ITENS_MTR'!$AJ$6:$AJ$1005,1)) -> 0 | AH20: =IF(Z20=0,0,COUNTIFS('ITENS_MTR'!$S$6:$S$1005,A20,'ITENS_MTR'!$AM$6:$AM$1005,1)) -> 0 | AI20: =IF(Z20=0,0,COUNTIFS('ITENS_MTR'!$S$6:$S$1005,A20,'ITENS_MTR'!$AO$6:$AO$1005,1)) -> 0 | AJ20: =IF(Z20=0,0,COUNTIFS('ITENS_MTR'!$S$6:$S$1005,A20,'ITENS_MTR'!$AN$6:$AN$1005,1)) -> 0 | AK20: =IF(Z20=0,0,COUNTIFS('RECEBIMENTOS'!$B$6:$B$1005,A20,'RECEBIMENTOS'!$Y$6:$Y$1005,1)) -> 0 | AL20: =IF(Z20=0,0,COUNTIFS('VÍNCULOS_CDF'!$D$6:$D$1005,A20,'VÍNCULOS_CDF'!$Y$6:$Y$1005,1)) -> 0 | AM20: =IF(Z20=0,0,COUNTIFS('RECEBIMENTOS'!$B$6:$B$1005,A20,'RECEBIMENTOS'!$Q$6:$Q$1005,1)) -> 0 | AN20: =IF(AND(Z20=1,N(W20)>0,AG20=N(W20)),1,0) -> 0 | AO20: =IF(AND(Z20=1,N(W20)>0,AI20=N(W20)),1,0) -> 0 | AP20: =IF(Z20=0,0,_xlfn.MAXIFS('RECEBIMENTOS'!$E$6:$E$1005,'RECEBIMENTOS'!$B$6:$B$1005,A20)) -> 0 | AQ20: =IF(T20="","",IF(T20="RECEBIMENTO NÃO CONFIRMADO",IF(ISNUMBER(F20),F20,IF(ISNUMBER(E20),E20,"")),IF(OR(T20="CDF NÃO LOCALIZADO",T20="VÍNCULO INCOMPLETO",T20="CDF A CONFERIR"),IF(AP20>0,AP20,IF(ISNUMBER(E20),E20,"")),IF(ISNUMBER(E20),E20,"")))) | AR20: =IF(NOT(ISNUMBER(U20)),0,IF(T20="RECEBIMENTO NÃO CONFIRMADO",IF(AND(ISNUMBER(cfg_rec),U20>cfg_rec),1,0),IF(OR(T20="CDF NÃO LOCALIZADO",T20="VÍNCULO INCOMPLETO",T20="CDF A CONFERIR"),IF(AND(ISNUMBER(cfg_cdf),U20>cfg_cdf),1,0),0))) -> 0 | AS20: =IF(T20="","",IF(AR20=1,"Alta",IFERROR(INDEX(cfg_pp,MATCH(T20,cfg_pt,0))&"","Média"))) | AT20: =IF(T20="","",IFERROR(INDEX(cfg_pv,MATCH(T20,cfg_pt,0))&"","")) | AU20: =IF(T20="","",IF(AS20="Alta",1,IF(AS20="Média",2,3))*1000000000+(999999-IF(ISNUMBER(U20),MIN(U20,999999),0))*1000+15) | AV20: =IF(T20<>"",1,0) -> 0 | AW20: =IF(Z20=0,"",IF(AA20=1,"Cancelamento informado; ","")&IF(AE20=1,"Campos essenciais ou itens faltando; ","")&IF(AC20=1,"Possível duplicidade do número; ","")&IF(AD20=1,"Cadastro ou datas a revisar; ","")&IF(AF20>0,"Item de resíduo com dado a revisar; ","")&IF(AH20>0,"Diferença de quantidade a analisar; ","")&IF(AK20>0,"Recebimento com alerta; ","")&IF(AL20>0,"Vínculo de CDF com alerta; ","")&IF(AND(AA20=0,AN20=0),"Recebimento não confirmado; ","")&IF(AND(AA20=0,AN20=1,AO20=0),"CDF pendente ou a conferir; ","")) | AX20: =IF(Z20=0,0,IF(AND(OR(f_ini="",AND(ISNUMBER(E20),E20>=f_ini)),OR(f_fim="",AND(ISNUMBER(E20),E20<=f_fim)),OR(f_un="",f_un="(Todas)",G20=f_un),OR(f_tr="",f_tr="(Todos)",H20=f_tr),OR(f_de="",f_de="(Todos)",I20=f_de),OR(f_sit="",f_sit="(Todas)",S20=f_sit)),1,0)) -> 0 | AY20: =IF(AX20=0,0,IF(OR(f_res="",f_res="(Todos)"),1,IF(COUNTIFS('ITENS_MTR'!$S$6:$S$1005,A20,'ITENS_MTR'!$C$6:$C$1005,f_res)>0,1,0))) -> 0 | AZ20: =IF(ISNUMBER(E20),DATE(YEAR(E20),MONTH(E20),1),"") | BA20: =IF(Z20=0,0,IF(AND(OR(r_ini="",AND(ISNUMBER(E20),E20>=r_ini)),OR(r_fim="",AND(ISNUMBER(E20),E20<=r_fim)),OR(r_un="",r_un="(Todas)",G20=r_un),OR(r_de="",r_de="(Todos)",I20=r_de)),1,0)) -> 0 | BB20: =IF(BA20=1,COUNTIF($BA$6:BA20,1),"") | BC20: =IF(AND(AU20<>"",OR(r_un="",r_un="(Todas)",G20=r_un),OR(r_de="",r_de="(Todos)",I20=r_de)),AU20,"") | BD20: =IF(Z20=1,A20&" | nº "&IF(B20="","(sem número)",B20)&" | "&IF(G20="","(sem unidade)",G20),"") | BE20: =IF(Z20=1,COUNTIF($Z$6:Z20,1),"") | BF20: =IF(T20="","",IF(T20="RECEBIMENTO NÃO CONFIRMADO","Transp.: "&H20&" | Dest.: "&I20,IF(OR(T20="CDF NÃO LOCALIZADO",T20="VÍNCULO INCOMPLETO",T20="CDF A CONFERIR"),"Dest.: "&I20,"Gerador: "&G20)))
A21: MTR-000016 | P21: =IF(Z21=0,"",SUMIFS('ITENS_MTR'!$I$6:$I$1005,'ITENS_MTR'!$S$6:$S$1005,A21,'ITENS_MTR'!$Y$6:$Y$1005,1)) | Q21: =IF(Z21=0,"",SUMIFS('RECEBIMENTOS'!$H$6:$H$1005,'RECEBIMENTOS'!$B$6:$B$1005,A21,'RECEBIMENTOS'!$X$6:$X$1005,1)) | R21: =IF(Z21=0,"",SUMIFS('VÍNCULOS_CDF'!$H$6:$H$1005,'VÍNCULOS_CDF'!$D$6:$D$1005,A21,'VÍNCULOS_CDF'!$V$6:$V$1005,1)) | S21: =IF(Z21=0,"",IF(AA21=1,"Cancelado (informado)",IF(AE21=1,"Cadastro incompleto",IF(OR(AC21=1,AD21=1,AF21>0,AH21>0,AK21>0,AL21>0),"Informação a revisar",IF(AN21=0,"Aguardando recebimento",IF(N(R21)=0,"Aguardando CDF",IF(AJ21<N(W21),"Vínculo de CDF parcial",IF(AO21=0,"CDF localizado, a conferir","Documentação conferida")))))))) | T21: =IF(Z21=0,"",IF(S21="Cadastro incompleto","MTR INCOMPLETO",IF(S21="Informação a revisar",IF(AND(AH21>0,AC21=0,AD21=0,AF21=0,AK21=0,AL21=0),"QUANTIDADE A REVISAR","IDENTIFICAÇÃO A REVISAR"),IF(S21="Aguardando recebimento","RECEBIMENTO NÃO CONFIRMADO",IF(S21="Aguardando CDF","CDF NÃO LOCALIZADO",IF(S21="Vínculo de CDF parcial","VÍNCULO INCOMPLETO",IF(S21="CDF localizado, a conferir","CDF A CONFERIR",""))))))) | U21: =IF(T21="","",IF(AQ21="","Não calculável",IF(AQ21>TODAY(),"Data futura",TODAY()-AQ21))) | V21: =IF(Z21=0,"",SUMIFS('RECEBIMENTOS'!$H$6:$H$1005,'RECEBIMENTOS'!$B$6:$B$1005,A21,'RECEBIMENTOS'!$Z$6:$Z$1005,1)) | W21: =IF(Z21=0,"",COUNTIFS('ITENS_MTR'!$S$6:$S$1005,A21,'ITENS_MTR'!$R$6:$R$1005,1)) | X21: =IF(AC21=1,"POSSÍVEL DUPLICIDADE","") | Y21: =IF(Z21=0,"",IF(AW21="","Nenhuma",LEFT(AW21,LEN(AW21)-2))) | Z21: =IF(COUNTA(B21:O21)>0,1,0) -> 0 | AA21: =IF(AND(Z21=1,K21<>""),IF(TRIM(K21)=TRIM(cfg_cancel),1,0),0) -> 0 | AB21: =IF(AND(Z21=1,B21<>""),C21&"|"&D21&"|"&G21&"|"&TRIM(B21),"") | AC21: =IF(AB21="",0,IF(SUMPRODUCT(--($AB$6:$AB$505=AB21))>1,1,0)) -> 0 | AD21: =IF(Z21=0,0,IF(OR(AND(G21<>"",ISNA(MATCH(G21,'CAD_UNIDADES'!$C$6:$C$105,0))),AND(H21<>"",ISNA(MATCH(H21,cmp_transp,0))),AND(I21<>"",ISNA(MATCH(I21,cmp_dest,0))),AND(E21<>"",NOT(ISNUMBER(E21))),AND(F21<>"",NOT(ISNUMBER(F21))),AND(ISNUMBER(E21),ISNUMBER(F21),F21<E21)),1,0)) -> 0 | AE21: =IF(Z21=0,0,IF(OR(B21="",C21="",E21="",G21="",H21="",I21="",N(W21)=0),1,0)) -> 0 | AF21: =IF(Z21=0,0,COUNTIFS('ITENS_MTR'!$S$6:$S$1005,A21,'ITENS_MTR'!$AI$6:$AI$1005,1)) -> 0 | AG21: =IF(Z21=0,0,COUNTIFS('ITENS_MTR'!$S$6:$S$1005,A21,'ITENS_MTR'!$AJ$6:$AJ$1005,1)) -> 0 | AH21: =IF(Z21=0,0,COUNTIFS('ITENS_MTR'!$S$6:$S$1005,A21,'ITENS_MTR'!$AM$6:$AM$1005,1)) -> 0 | AI21: =IF(Z21=0,0,COUNTIFS('ITENS_MTR'!$S$6:$S$1005,A21,'ITENS_MTR'!$AO$6:$AO$1005,1)) -> 0 | AJ21: =IF(Z21=0,0,COUNTIFS('ITENS_MTR'!$S$6:$S$1005,A21,'ITENS_MTR'!$AN$6:$AN$1005,1)) -> 0 | AK21: =IF(Z21=0,0,COUNTIFS('RECEBIMENTOS'!$B$6:$B$1005,A21,'RECEBIMENTOS'!$Y$6:$Y$1005,1)) -> 0 | AL21: =IF(Z21=0,0,COUNTIFS('VÍNCULOS_CDF'!$D$6:$D$1005,A21,'VÍNCULOS_CDF'!$Y$6:$Y$1005,1)) -> 0 | AM21: =IF(Z21=0,0,COUNTIFS('RECEBIMENTOS'!$B$6:$B$1005,A21,'RECEBIMENTOS'!$Q$6:$Q$1005,1)) -> 0 | AN21: =IF(AND(Z21=1,N(W21)>0,AG21=N(W21)),1,0) -> 0 | AO21: =IF(AND(Z21=1,N(W21)>0,AI21=N(W21)),1,0) -> 0 | AP21: =IF(Z21=0,0,_xlfn.MAXIFS('RECEBIMENTOS'!$E$6:$E$1005,'RECEBIMENTOS'!$B$6:$B$1005,A21)) -> 0 | AQ21: =IF(T21="","",IF(T21="RECEBIMENTO NÃO CONFIRMADO",IF(ISNUMBER(F21),F21,IF(ISNUMBER(E21),E21,"")),IF(OR(T21="CDF NÃO LOCALIZADO",T21="VÍNCULO INCOMPLETO",T21="CDF A CONFERIR"),IF(AP21>0,AP21,IF(ISNUMBER(E21),E21,"")),IF(ISNUMBER(E21),E21,"")))) | AR21: =IF(NOT(ISNUMBER(U21)),0,IF(T21="RECEBIMENTO NÃO CONFIRMADO",IF(AND(ISNUMBER(cfg_rec),U21>cfg_rec),1,0),IF(OR(T21="CDF NÃO LOCALIZADO",T21="VÍNCULO INCOMPLETO",T21="CDF A CONFERIR"),IF(AND(ISNUMBER(cfg_cdf),U21>cfg_cdf),1,0),0))) -> 0 | AS21: =IF(T21="","",IF(AR21=1,"Alta",IFERROR(INDEX(cfg_pp,MATCH(T21,cfg_pt,0))&"","Média"))) | AT21: =IF(T21="","",IFERROR(INDEX(cfg_pv,MATCH(T21,cfg_pt,0))&"","")) | AU21: =IF(T21="","",IF(AS21="Alta",1,IF(AS21="Média",2,3))*1000000000+(999999-IF(ISNUMBER(U21),MIN(U21,999999),0))*1000+16) | AV21: =IF(T21<>"",1,0) -> 0 | AW21: =IF(Z21=0,"",IF(AA21=1,"Cancelamento informado; ","")&IF(AE21=1,"Campos essenciais ou itens faltando; ","")&IF(AC21=1,"Possível duplicidade do número; ","")&IF(AD21=1,"Cadastro ou datas a revisar; ","")&IF(AF21>0,"Item de resíduo com dado a revisar; ","")&IF(AH21>0,"Diferença de quantidade a analisar; ","")&IF(AK21>0,"Recebimento com alerta; ","")&IF(AL21>0,"Vínculo de CDF com alerta; ","")&IF(AND(AA21=0,AN21=0),"Recebimento não confirmado; ","")&IF(AND(AA21=0,AN21=1,AO21=0),"CDF pendente ou a conferir; ","")) | AX21: =IF(Z21=0,0,IF(AND(OR(f_ini="",AND(ISNUMBER(E21),E21>=f_ini)),OR(f_fim="",AND(ISNUMBER(E21),E21<=f_fim)),OR(f_un="",f_un="(Todas)",G21=f_un),OR(f_tr="",f_tr="(Todos)",H21=f_tr),OR(f_de="",f_de="(Todos)",I21=f_de),OR(f_sit="",f_sit="(Todas)",S21=f_sit)),1,0)) -> 0 | AY21: =IF(AX21=0,0,IF(OR(f_res="",f_res="(Todos)"),1,IF(COUNTIFS('ITENS_MTR'!$S$6:$S$1005,A21,'ITENS_MTR'!$C$6:$C$1005,f_res)>0,1,0))) -> 0 | AZ21: =IF(ISNUMBER(E21),DATE(YEAR(E21),MONTH(E21),1),"") | BA21: =IF(Z21=0,0,IF(AND(OR(r_ini="",AND(ISNUMBER(E21),E21>=r_ini)),OR(r_fim="",AND(ISNUMBER(E21),E21<=r_fim)),OR(r_un="",r_un="(Todas)",G21=r_un),OR(r_de="",r_de="(Todos)",I21=r_de)),1,0)) -> 0 | BB21: =IF(BA21=1,COUNTIF($BA$6:BA21,1),"") | BC21: =IF(AND(AU21<>"",OR(r_un="",r_un="(Todas)",G21=r_un),OR(r_de="",r_de="(Todos)",I21=r_de)),AU21,"") | BD21: =IF(Z21=1,A21&" | nº "&IF(B21="","(sem número)",B21)&" | "&IF(G21="","(sem unidade)",G21),"") | BE21: =IF(Z21=1,COUNTIF($Z$6:Z21,1),"") | BF21: =IF(T21="","",IF(T21="RECEBIMENTO NÃO CONFIRMADO","Transp.: "&H21&" | Dest.: "&I21,IF(OR(T21="CDF NÃO LOCALIZADO",T21="VÍNCULO INCOMPLETO",T21="CDF A CONFERIR"),"Dest.: "&I21,"Gerador: "&G21)))
A22: MTR-000017 | P22: =IF(Z22=0,"",SUMIFS('ITENS_MTR'!$I$6:$I$1005,'ITENS_MTR'!$S$6:$S$1005,A22,'ITENS_MTR'!$Y$6:$Y$1005,1)) | Q22: =IF(Z22=0,"",SUMIFS('RECEBIMENTOS'!$H$6:$H$1005,'RECEBIMENTOS'!$B$6:$B$1005,A22,'RECEBIMENTOS'!$X$6:$X$1005,1)) | R22: =IF(Z22=0,"",SUMIFS('VÍNCULOS_CDF'!$H$6:$H$1005,'VÍNCULOS_CDF'!$D$6:$D$1005,A22,'VÍNCULOS_CDF'!$V$6:$V$1005,1)) | S22: =IF(Z22=0,"",IF(AA22=1,"Cancelado (informado)",IF(AE22=1,"Cadastro incompleto",IF(OR(AC22=1,AD22=1,AF22>0,AH22>0,AK22>0,AL22>0),"Informação a revisar",IF(AN22=0,"Aguardando recebimento",IF(N(R22)=0,"Aguardando CDF",IF(AJ22<N(W22),"Vínculo de CDF parcial",IF(AO22=0,"CDF localizado, a conferir","Documentação conferida")))))))) | T22: =IF(Z22=0,"",IF(S22="Cadastro incompleto","MTR INCOMPLETO",IF(S22="Informação a revisar",IF(AND(AH22>0,AC22=0,AD22=0,AF22=0,AK22=0,AL22=0),"QUANTIDADE A REVISAR","IDENTIFICAÇÃO A REVISAR"),IF(S22="Aguardando recebimento","RECEBIMENTO NÃO CONFIRMADO",IF(S22="Aguardando CDF","CDF NÃO LOCALIZADO",IF(S22="Vínculo de CDF parcial","VÍNCULO INCOMPLETO",IF(S22="CDF localizado, a conferir","CDF A CONFERIR",""))))))) | U22: =IF(T22="","",IF(AQ22="","Não calculável",IF(AQ22>TODAY(),"Data futura",TODAY()-AQ22))) | V22: =IF(Z22=0,"",SUMIFS('RECEBIMENTOS'!$H$6:$H$1005,'RECEBIMENTOS'!$B$6:$B$1005,A22,'RECEBIMENTOS'!$Z$6:$Z$1005,1)) | W22: =IF(Z22=0,"",COUNTIFS('ITENS_MTR'!$S$6:$S$1005,A22,'ITENS_MTR'!$R$6:$R$1005,1)) | X22: =IF(AC22=1,"POSSÍVEL DUPLICIDADE","") | Y22: =IF(Z22=0,"",IF(AW22="","Nenhuma",LEFT(AW22,LEN(AW22)-2))) | Z22: =IF(COUNTA(B22:O22)>0,1,0) -> 0 | AA22: =IF(AND(Z22=1,K22<>""),IF(TRIM(K22)=TRIM(cfg_cancel),1,0),0) -> 0 | AB22: =IF(AND(Z22=1,B22<>""),C22&"|"&D22&"|"&G22&"|"&TRIM(B22),"") | AC22: =IF(AB22="",0,IF(SUMPRODUCT(--($AB$6:$AB$505=AB22))>1,1,0)) -> 0 | AD22: =IF(Z22=0,0,IF(OR(AND(G22<>"",ISNA(MATCH(G22,'CAD_UNIDADES'!$C$6:$C$105,0))),AND(H22<>"",ISNA(MATCH(H22,cmp_transp,0))),AND(I22<>"",ISNA(MATCH(I22,cmp_dest,0))),AND(E22<>"",NOT(ISNUMBER(E22))),AND(F22<>"",NOT(ISNUMBER(F22))),AND(ISNUMBER(E22),ISNUMBER(F22),F22<E22)),1,0)) -> 0 | AE22: =IF(Z22=0,0,IF(OR(B22="",C22="",E22="",G22="",H22="",I22="",N(W22)=0),1,0)) -> 0 | AF22: =IF(Z22=0,0,COUNTIFS('ITENS_MTR'!$S$6:$S$1005,A22,'ITENS_MTR'!$AI$6:$AI$1005,1)) -> 0 | AG22: =IF(Z22=0,0,COUNTIFS('ITENS_MTR'!$S$6:$S$1005,A22,'ITENS_MTR'!$AJ$6:$AJ$1005,1)) -> 0 | AH22: =IF(Z22=0,0,COUNTIFS('ITENS_MTR'!$S$6:$S$1005,A22,'ITENS_MTR'!$AM$6:$AM$1005,1)) -> 0 | AI22: =IF(Z22=0,0,COUNTIFS('ITENS_MTR'!$S$6:$S$1005,A22,'ITENS_MTR'!$AO$6:$AO$1005,1)) -> 0 | AJ22: =IF(Z22=0,0,COUNTIFS('ITENS_MTR'!$S$6:$S$1005,A22,'ITENS_MTR'!$AN$6:$AN$1005,1)) -> 0 | AK22: =IF(Z22=0,0,COUNTIFS('RECEBIMENTOS'!$B$6:$B$1005,A22,'RECEBIMENTOS'!$Y$6:$Y$1005,1)) -> 0 | AL22: =IF(Z22=0,0,COUNTIFS('VÍNCULOS_CDF'!$D$6:$D$1005,A22,'VÍNCULOS_CDF'!$Y$6:$Y$1005,1)) -> 0 | AM22: =IF(Z22=0,0,COUNTIFS('RECEBIMENTOS'!$B$6:$B$1005,A22,'RECEBIMENTOS'!$Q$6:$Q$1005,1)) -> 0 | AN22: =IF(AND(Z22=1,N(W22)>0,AG22=N(W22)),1,0) -> 0 | AO22: =IF(AND(Z22=1,N(W22)>0,AI22=N(W22)),1,0) -> 0 | AP22: =IF(Z22=0,0,_xlfn.MAXIFS('RECEBIMENTOS'!$E$6:$E$1005,'RECEBIMENTOS'!$B$6:$B$1005,A22)) -> 0 | AQ22: =IF(T22="","",IF(T22="RECEBIMENTO NÃO CONFIRMADO",IF(ISNUMBER(F22),F22,IF(ISNUMBER(E22),E22,"")),IF(OR(T22="CDF NÃO LOCALIZADO",T22="VÍNCULO INCOMPLETO",T22="CDF A CONFERIR"),IF(AP22>0,AP22,IF(ISNUMBER(E22),E22,"")),IF(ISNUMBER(E22),E22,"")))) | AR22: =IF(NOT(ISNUMBER(U22)),0,IF(T22="RECEBIMENTO NÃO CONFIRMADO",IF(AND(ISNUMBER(cfg_rec),U22>cfg_rec),1,0),IF(OR(T22="CDF NÃO LOCALIZADO",T22="VÍNCULO INCOMPLETO",T22="CDF A CONFERIR"),IF(AND(ISNUMBER(cfg_cdf),U22>cfg_cdf),1,0),0))) -> 0 | AS22: =IF(T22="","",IF(AR22=1,"Alta",IFERROR(INDEX(cfg_pp,MATCH(T22,cfg_pt,0))&"","Média"))) | AT22: =IF(T22="","",IFERROR(INDEX(cfg_pv,MATCH(T22,cfg_pt,0))&"","")) | AU22: =IF(T22="","",IF(AS22="Alta",1,IF(AS22="Média",2,3))*1000000000+(999999-IF(ISNUMBER(U22),MIN(U22,999999),0))*1000+17) | AV22: =IF(T22<>"",1,0) -> 0 | AW22: =IF(Z22=0,"",IF(AA22=1,"Cancelamento informado; ","")&IF(AE22=1,"Campos essenciais ou itens faltando; ","")&IF(AC22=1,"Possível duplicidade do número; ","")&IF(AD22=1,"Cadastro ou datas a revisar; ","")&IF(AF22>0,"Item de resíduo com dado a revisar; ","")&IF(AH22>0,"Diferença de quantidade a analisar; ","")&IF(AK22>0,"Recebimento com alerta; ","")&IF(AL22>0,"Vínculo de CDF com alerta; ","")&IF(AND(AA22=0,AN22=0),"Recebimento não confirmado; ","")&IF(AND(AA22=0,AN22=1,AO22=0),"CDF pendente ou a conferir; ","")) | AX22: =IF(Z22=0,0,IF(AND(OR(f_ini="",AND(ISNUMBER(E22),E22>=f_ini)),OR(f_fim="",AND(ISNUMBER(E22),E22<=f_fim)),OR(f_un="",f_un="(Todas)",G22=f_un),OR(f_tr="",f_tr="(Todos)",H22=f_tr),OR(f_de="",f_de="(Todos)",I22=f_de),OR(f_sit="",f_sit="(Todas)",S22=f_sit)),1,0)) -> 0 | AY22: =IF(AX22=0,0,IF(OR(f_res="",f_res="(Todos)"),1,IF(COUNTIFS('ITENS_MTR'!$S$6:$S$1005,A22,'ITENS_MTR'!$C$6:$C$1005,f_res)>0,1,0))) -> 0 | AZ22: =IF(ISNUMBER(E22),DATE(YEAR(E22),MONTH(E22),1),"") | BA22: =IF(Z22=0,0,IF(AND(OR(r_ini="",AND(ISNUMBER(E22),E22>=r_ini)),OR(r_fim="",AND(ISNUMBER(E22),E22<=r_fim)),OR(r_un="",r_un="(Todas)",G22=r_un),OR(r_de="",r_de="(Todos)",I22=r_de)),1,0)) -> 0 | BB22: =IF(BA22=1,COUNTIF($BA$6:BA22,1),"") | BC22: =IF(AND(AU22<>"",OR(r_un="",r_un="(Todas)",G22=r_un),OR(r_de="",r_de="(Todos)",I22=r_de)),AU22,"") | BD22: =IF(Z22=1,A22&" | nº "&IF(B22="","(sem número)",B22)&" | "&IF(G22="","(sem unidade)",G22),"") | BE22: =IF(Z22=1,COUNTIF($Z$6:Z22,1),"") | BF22: =IF(T22="","",IF(T22="RECEBIMENTO NÃO CONFIRMADO","Transp.: "&H22&" | Dest.: "&I22,IF(OR(T22="CDF NÃO LOCALIZADO",T22="VÍNCULO INCOMPLETO",T22="CDF A CONFERIR"),"Dest.: "&I22,"Gerador: "&G22)))
A23: MTR-000018 | P23: =IF(Z23=0,"",SUMIFS('ITENS_MTR'!$I$6:$I$1005,'ITENS_MTR'!$S$6:$S$1005,A23,'ITENS_MTR'!$Y$6:$Y$1005,1)) | Q23: =IF(Z23=0,"",SUMIFS('RECEBIMENTOS'!$H$6:$H$1005,'RECEBIMENTOS'!$B$6:$B$1005,A23,'RECEBIMENTOS'!$X$6:$X$1005,1)) | R23: =IF(Z23=0,"",SUMIFS('VÍNCULOS_CDF'!$H$6:$H$1005,'VÍNCULOS_CDF'!$D$6:$D$1005,A23,'VÍNCULOS_CDF'!$V$6:$V$1005,1)) | S23: =IF(Z23=0,"",IF(AA23=1,"Cancelado (informado)",IF(AE23=1,"Cadastro incompleto",IF(OR(AC23=1,AD23=1,AF23>0,AH23>0,AK23>0,AL23>0),"Informação a revisar",IF(AN23=0,"Aguardando recebimento",IF(N(R23)=0,"Aguardando CDF",IF(AJ23<N(W23),"Vínculo de CDF parcial",IF(AO23=0,"CDF localizado, a conferir","Documentação conferida")))))))) | T23: =IF(Z23=0,"",IF(S23="Cadastro incompleto","MTR INCOMPLETO",IF(S23="Informação a revisar",IF(AND(AH23>0,AC23=0,AD23=0,AF23=0,AK23=0,AL23=0),"QUANTIDADE A REVISAR","IDENTIFICAÇÃO A REVISAR"),IF(S23="Aguardando recebimento","RECEBIMENTO NÃO CONFIRMADO",IF(S23="Aguardando CDF","CDF NÃO LOCALIZADO",IF(S23="Vínculo de CDF parcial","VÍNCULO INCOMPLETO",IF(S23="CDF localizado, a conferir","CDF A CONFERIR",""))))))) | U23: =IF(T23="","",IF(AQ23="","Não calculável",IF(AQ23>TODAY(),"Data futura",TODAY()-AQ23))) | V23: =IF(Z23=0,"",SUMIFS('RECEBIMENTOS'!$H$6:$H$1005,'RECEBIMENTOS'!$B$6:$B$1005,A23,'RECEBIMENTOS'!$Z$6:$Z$1005,1)) | W23: =IF(Z23=0,"",COUNTIFS('ITENS_MTR'!$S$6:$S$1005,A23,'ITENS_MTR'!$R$6:$R$1005,1)) | X23: =IF(AC23=1,"POSSÍVEL DUPLICIDADE","") | Y23: =IF(Z23=0,"",IF(AW23="","Nenhuma",LEFT(AW23,LEN(AW23)-2))) | Z23: =IF(COUNTA(B23:O23)>0,1,0) -> 0 | AA23: =IF(AND(Z23=1,K23<>""),IF(TRIM(K23)=TRIM(cfg_cancel),1,0),0) -> 0 | AB23: =IF(AND(Z23=1,B23<>""),C23&"|"&D23&"|"&G23&"|"&TRIM(B23),"") | AC23: =IF(AB23="",0,IF(SUMPRODUCT(--($AB$6:$AB$505=AB23))>1,1,0)) -> 0 | AD23: =IF(Z23=0,0,IF(OR(AND(G23<>"",ISNA(MATCH(G23,'CAD_UNIDADES'!$C$6:$C$105,0))),AND(H23<>"",ISNA(MATCH(H23,cmp_transp,0))),AND(I23<>"",ISNA(MATCH(I23,cmp_dest,0))),AND(E23<>"",NOT(ISNUMBER(E23))),AND(F23<>"",NOT(ISNUMBER(F23))),AND(ISNUMBER(E23),ISNUMBER(F23),F23<E23)),1,0)) -> 0 | AE23: =IF(Z23=0,0,IF(OR(B23="",C23="",E23="",G23="",H23="",I23="",N(W23)=0),1,0)) -> 0 | AF23: =IF(Z23=0,0,COUNTIFS('ITENS_MTR'!$S$6:$S$1005,A23,'ITENS_MTR'!$AI$6:$AI$1005,1)) -> 0 | AG23: =IF(Z23=0,0,COUNTIFS('ITENS_MTR'!$S$6:$S$1005,A23,'ITENS_MTR'!$AJ$6:$AJ$1005,1)) -> 0 | AH23: =IF(Z23=0,0,COUNTIFS('ITENS_MTR'!$S$6:$S$1005,A23,'ITENS_MTR'!$AM$6:$AM$1005,1)) -> 0 | AI23: =IF(Z23=0,0,COUNTIFS('ITENS_MTR'!$S$6:$S$1005,A23,'ITENS_MTR'!$AO$6:$AO$1005,1)) -> 0 | AJ23: =IF(Z23=0,0,COUNTIFS('ITENS_MTR'!$S$6:$S$1005,A23,'ITENS_MTR'!$AN$6:$AN$1005,1)) -> 0 | AK23: =IF(Z23=0,0,COUNTIFS('RECEBIMENTOS'!$B$6:$B$1005,A23,'RECEBIMENTOS'!$Y$6:$Y$1005,1)) -> 0 | AL23: =IF(Z23=0,0,COUNTIFS('VÍNCULOS_CDF'!$D$6:$D$1005,A23,'VÍNCULOS_CDF'!$Y$6:$Y$1005,1)) -> 0 | AM23: =IF(Z23=0,0,COUNTIFS('RECEBIMENTOS'!$B$6:$B$1005,A23,'RECEBIMENTOS'!$Q$6:$Q$1005,1)) -> 0 | AN23: =IF(AND(Z23=1,N(W23)>0,AG23=N(W23)),1,0) -> 0 | AO23: =IF(AND(Z23=1,N(W23)>0,AI23=N(W23)),1,0) -> 0 | AP23: =IF(Z23=0,0,_xlfn.MAXIFS('RECEBIMENTOS'!$E$6:$E$1005,'RECEBIMENTOS'!$B$6:$B$1005,A23)) -> 0 | AQ23: =IF(T23="","",IF(T23="RECEBIMENTO NÃO CONFIRMADO",IF(ISNUMBER(F23),F23,IF(ISNUMBER(E23),E23,"")),IF(OR(T23="CDF NÃO LOCALIZADO",T23="VÍNCULO INCOMPLETO",T23="CDF A CONFERIR"),IF(AP23>0,AP23,IF(ISNUMBER(E23),E23,"")),IF(ISNUMBER(E23),E23,"")))) | AR23: =IF(NOT(ISNUMBER(U23)),0,IF(T23="RECEBIMENTO NÃO CONFIRMADO",IF(AND(ISNUMBER(cfg_rec),U23>cfg_rec),1,0),IF(OR(T23="CDF NÃO LOCALIZADO",T23="VÍNCULO INCOMPLETO",T23="CDF A CONFERIR"),IF(AND(ISNUMBER(cfg_cdf),U23>cfg_cdf),1,0),0))) -> 0 | AS23: =IF(T23="","",IF(AR23=1,"Alta",IFERROR(INDEX(cfg_pp,MATCH(T23,cfg_pt,0))&"","Média"))) | AT23: =IF(T23="","",IFERROR(INDEX(cfg_pv,MATCH(T23,cfg_pt,0))&"","")) | AU23: =IF(T23="","",IF(AS23="Alta",1,IF(AS23="Média",2,3))*1000000000+(999999-IF(ISNUMBER(U23),MIN(U23,999999),0))*1000+18) | AV23: =IF(T23<>"",1,0) -> 0 | AW23: =IF(Z23=0,"",IF(AA23=1,"Cancelamento informado; ","")&IF(AE23=1,"Campos essenciais ou itens faltando; ","")&IF(AC23=1,"Possível duplicidade do número; ","")&IF(AD23=1,"Cadastro ou datas a revisar; ","")&IF(AF23>0,"Item de resíduo com dado a revisar; ","")&IF(AH23>0,"Diferença de quantidade a analisar; ","")&IF(AK23>0,"Recebimento com alerta; ","")&IF(AL23>0,"Vínculo de CDF com alerta; ","")&IF(AND(AA23=0,AN23=0),"Recebimento não confirmado; ","")&IF(AND(AA23=0,AN23=1,AO23=0),"CDF pendente ou a conferir; ","")) | AX23: =IF(Z23=0,0,IF(AND(OR(f_ini="",AND(ISNUMBER(E23),E23>=f_ini)),OR(f_fim="",AND(ISNUMBER(E23),E23<=f_fim)),OR(f_un="",f_un="(Todas)",G23=f_un),OR(f_tr="",f_tr="(Todos)",H23=f_tr),OR(f_de="",f_de="(Todos)",I23=f_de),OR(f_sit="",f_sit="(Todas)",S23=f_sit)),1,0)) -> 0 | AY23: =IF(AX23=0,0,IF(OR(f_res="",f_res="(Todos)"),1,IF(COUNTIFS('ITENS_MTR'!$S$6:$S$1005,A23,'ITENS_MTR'!$C$6:$C$1005,f_res)>0,1,0))) -> 0 | AZ23: =IF(ISNUMBER(E23),DATE(YEAR(E23),MONTH(E23),1),"") | BA23: =IF(Z23=0,0,IF(AND(OR(r_ini="",AND(ISNUMBER(E23),E23>=r_ini)),OR(r_fim="",AND(ISNUMBER(E23),E23<=r_fim)),OR(r_un="",r_un="(Todas)",G23=r_un),OR(r_de="",r_de="(Todos)",I23=r_de)),1,0)) -> 0 | BB23: =IF(BA23=1,COUNTIF($BA$6:BA23,1),"") | BC23: =IF(AND(AU23<>"",OR(r_un="",r_un="(Todas)",G23=r_un),OR(r_de="",r_de="(Todos)",I23=r_de)),AU23,"") | BD23: =IF(Z23=1,A23&" | nº "&IF(B23="","(sem número)",B23)&" | "&IF(G23="","(sem unidade)",G23),"") | BE23: =IF(Z23=1,COUNTIF($Z$6:Z23,1),"") | BF23: =IF(T23="","",IF(T23="RECEBIMENTO NÃO CONFIRMADO","Transp.: "&H23&" | Dest.: "&I23,IF(OR(T23="CDF NÃO LOCALIZADO",T23="VÍNCULO INCOMPLETO",T23="CDF A CONFERIR"),"Dest.: "&I23,"Gerador: "&G23)))
A24: MTR-000019 | P24: =IF(Z24=0,"",SUMIFS('ITENS_MTR'!$I$6:$I$1005,'ITENS_MTR'!$S$6:$S$1005,A24,'ITENS_MTR'!$Y$6:$Y$1005,1)) | Q24: =IF(Z24=0,"",SUMIFS('RECEBIMENTOS'!$H$6:$H$1005,'RECEBIMENTOS'!$B$6:$B$1005,A24,'RECEBIMENTOS'!$X$6:$X$1005,1)) | R24: =IF(Z24=0,"",SUMIFS('VÍNCULOS_CDF'!$H$6:$H$1005,'VÍNCULOS_CDF'!$D$6:$D$1005,A24,'VÍNCULOS_CDF'!$V$6:$V$1005,1)) | S24: =IF(Z24=0,"",IF(AA24=1,"Cancelado (informado)",IF(AE24=1,"Cadastro incompleto",IF(OR(AC24=1,AD24=1,AF24>0,AH24>0,AK24>0,AL24>0),"Informação a revisar",IF(AN24=0,"Aguardando recebimento",IF(N(R24)=0,"Aguardando CDF",IF(AJ24<N(W24),"Vínculo de CDF parcial",IF(AO24=0,"CDF localizado, a conferir","Documentação conferida")))))))) | T24: =IF(Z24=0,"",IF(S24="Cadastro incompleto","MTR INCOMPLETO",IF(S24="Informação a revisar",IF(AND(AH24>0,AC24=0,AD24=0,AF24=0,AK24=0,AL24=0),"QUANTIDADE A REVISAR","IDENTIFICAÇÃO A REVISAR"),IF(S24="Aguardando recebimento","RECEBIMENTO NÃO CONFIRMADO",IF(S24="Aguardando CDF","CDF NÃO LOCALIZADO",IF(S24="Vínculo de CDF parcial","VÍNCULO INCOMPLETO",IF(S24="CDF localizado, a conferir","CDF A CONFERIR",""))))))) | U24: =IF(T24="","",IF(AQ24="","Não calculável",IF(AQ24>TODAY(),"Data futura",TODAY()-AQ24))) | V24: =IF(Z24=0,"",SUMIFS('RECEBIMENTOS'!$H$6:$H$1005,'RECEBIMENTOS'!$B$6:$B$1005,A24,'RECEBIMENTOS'!$Z$6:$Z$1005,1)) | W24: =IF(Z24=0,"",COUNTIFS('ITENS_MTR'!$S$6:$S$1005,A24,'ITENS_MTR'!$R$6:$R$1005,1)) | X24: =IF(AC24=1,"POSSÍVEL DUPLICIDADE","") | Y24: =IF(Z24=0,"",IF(AW24="","Nenhuma",LEFT(AW24,LEN(AW24)-2))) | Z24: =IF(COUNTA(B24:O24)>0,1,0) -> 0 | AA24: =IF(AND(Z24=1,K24<>""),IF(TRIM(K24)=TRIM(cfg_cancel),1,0),0) -> 0 | AB24: =IF(AND(Z24=1,B24<>""),C24&"|"&D24&"|"&G24&"|"&TRIM(B24),"") | AC24: =IF(AB24="",0,IF(SUMPRODUCT(--($AB$6:$AB$505=AB24))>1,1,0)) -> 0 | AD24: =IF(Z24=0,0,IF(OR(AND(G24<>"",ISNA(MATCH(G24,'CAD_UNIDADES'!$C$6:$C$105,0))),AND(H24<>"",ISNA(MATCH(H24,cmp_transp,0))),AND(I24<>"",ISNA(MATCH(I24,cmp_dest,0))),AND(E24<>"",NOT(ISNUMBER(E24))),AND(F24<>"",NOT(ISNUMBER(F24))),AND(ISNUMBER(E24),ISNUMBER(F24),F24<E24)),1,0)) -> 0 | AE24: =IF(Z24=0,0,IF(OR(B24="",C24="",E24="",G24="",H24="",I24="",N(W24)=0),1,0)) -> 0 | AF24: =IF(Z24=0,0,COUNTIFS('ITENS_MTR'!$S$6:$S$1005,A24,'ITENS_MTR'!$AI$6:$AI$1005,1)) -> 0 | AG24: =IF(Z24=0,0,COUNTIFS('ITENS_MTR'!$S$6:$S$1005,A24,'ITENS_MTR'!$AJ$6:$AJ$1005,1)) -> 0 | AH24: =IF(Z24=0,0,COUNTIFS('ITENS_MTR'!$S$6:$S$1005,A24,'ITENS_MTR'!$AM$6:$AM$1005,1)) -> 0 | AI24: =IF(Z24=0,0,COUNTIFS('ITENS_MTR'!$S$6:$S$1005,A24,'ITENS_MTR'!$AO$6:$AO$1005,1)) -> 0 | AJ24: =IF(Z24=0,0,COUNTIFS('ITENS_MTR'!$S$6:$S$1005,A24,'ITENS_MTR'!$AN$6:$AN$1005,1)) -> 0 | AK24: =IF(Z24=0,0,COUNTIFS('RECEBIMENTOS'!$B$6:$B$1005,A24,'RECEBIMENTOS'!$Y$6:$Y$1005,1)) -> 0 | AL24: =IF(Z24=0,0,COUNTIFS('VÍNCULOS_CDF'!$D$6:$D$1005,A24,'VÍNCULOS_CDF'!$Y$6:$Y$1005,1)) -> 0 | AM24: =IF(Z24=0,0,COUNTIFS('RECEBIMENTOS'!$B$6:$B$1005,A24,'RECEBIMENTOS'!$Q$6:$Q$1005,1)) -> 0 | AN24: =IF(AND(Z24=1,N(W24)>0,AG24=N(W24)),1,0) -> 0 | AO24: =IF(AND(Z24=1,N(W24)>0,AI24=N(W24)),1,0) -> 0 | AP24: =IF(Z24=0,0,_xlfn.MAXIFS('RECEBIMENTOS'!$E$6:$E$1005,'RECEBIMENTOS'!$B$6:$B$1005,A24)) -> 0 | AQ24: =IF(T24="","",IF(T24="RECEBIMENTO NÃO CONFIRMADO",IF(ISNUMBER(F24),F24,IF(ISNUMBER(E24),E24,"")),IF(OR(T24="CDF NÃO LOCALIZADO",T24="VÍNCULO INCOMPLETO",T24="CDF A CONFERIR"),IF(AP24>0,AP24,IF(ISNUMBER(E24),E24,"")),IF(ISNUMBER(E24),E24,"")))) | AR24: =IF(NOT(ISNUMBER(U24)),0,IF(T24="RECEBIMENTO NÃO CONFIRMADO",IF(AND(ISNUMBER(cfg_rec),U24>cfg_rec),1,0),IF(OR(T24="CDF NÃO LOCALIZADO",T24="VÍNCULO INCOMPLETO",T24="CDF A CONFERIR"),IF(AND(ISNUMBER(cfg_cdf),U24>cfg_cdf),1,0),0))) -> 0 | AS24: =IF(T24="","",IF(AR24=1,"Alta",IFERROR(INDEX(cfg_pp,MATCH(T24,cfg_pt,0))&"","Média"))) | AT24: =IF(T24="","",IFERROR(INDEX(cfg_pv,MATCH(T24,cfg_pt,0))&"","")) | AU24: =IF(T24="","",IF(AS24="Alta",1,IF(AS24="Média",2,3))*1000000000+(999999-IF(ISNUMBER(U24),MIN(U24,999999),0))*1000+19) | AV24: =IF(T24<>"",1,0) -> 0 | AW24: =IF(Z24=0,"",IF(AA24=1,"Cancelamento informado; ","")&IF(AE24=1,"Campos essenciais ou itens faltando; ","")&IF(AC24=1,"Possível duplicidade do número; ","")&IF(AD24=1,"Cadastro ou datas a revisar; ","")&IF(AF24>0,"Item de resíduo com dado a revisar; ","")&IF(AH24>0,"Diferença de quantidade a analisar; ","")&IF(AK24>0,"Recebimento com alerta; ","")&IF(AL24>0,"Vínculo de CDF com alerta; ","")&IF(AND(AA24=0,AN24=0),"Recebimento não confirmado; ","")&IF(AND(AA24=0,AN24=1,AO24=0),"CDF pendente ou a conferir; ","")) | AX24: =IF(Z24=0,0,IF(AND(OR(f_ini="",AND(ISNUMBER(E24),E24>=f_ini)),OR(f_fim="",AND(ISNUMBER(E24),E24<=f_fim)),OR(f_un="",f_un="(Todas)",G24=f_un),OR(f_tr="",f_tr="(Todos)",H24=f_tr),OR(f_de="",f_de="(Todos)",I24=f_de),OR(f_sit="",f_sit="(Todas)",S24=f_sit)),1,0)) -> 0 | AY24: =IF(AX24=0,0,IF(OR(f_res="",f_res="(Todos)"),1,IF(COUNTIFS('ITENS_MTR'!$S$6:$S$1005,A24,'ITENS_MTR'!$C$6:$C$1005,f_res)>0,1,0))) -> 0 | AZ24: =IF(ISNUMBER(E24),DATE(YEAR(E24),MONTH(E24),1),"") | BA24: =IF(Z24=0,0,IF(AND(OR(r_ini="",AND(ISNUMBER(E24),E24>=r_ini)),OR(r_fim="",AND(ISNUMBER(E24),E24<=r_fim)),OR(r_un="",r_un="(Todas)",G24=r_un),OR(r_de="",r_de="(Todos)",I24=r_de)),1,0)) -> 0 | BB24: =IF(BA24=1,COUNTIF($BA$6:BA24,1),"") | BC24: =IF(AND(AU24<>"",OR(r_un="",r_un="(Todas)",G24=r_un),OR(r_de="",r_de="(Todos)",I24=r_de)),AU24,"") | BD24: =IF(Z24=1,A24&" | nº "&IF(B24="","(sem número)",B24)&" | "&IF(G24="","(sem unidade)",G24),"") | BE24: =IF(Z24=1,COUNTIF($Z$6:Z24,1),"") | BF24: =IF(T24="","",IF(T24="RECEBIMENTO NÃO CONFIRMADO","Transp.: "&H24&" | Dest.: "&I24,IF(OR(T24="CDF NÃO LOCALIZADO",T24="VÍNCULO INCOMPLETO",T24="CDF A CONFERIR"),"Dest.: "&I24,"Gerador: "&G24)))
A25: MTR-000020 | P25: =IF(Z25=0,"",SUMIFS('ITENS_MTR'!$I$6:$I$1005,'ITENS_MTR'!$S$6:$S$1005,A25,'ITENS_MTR'!$Y$6:$Y$1005,1)) | Q25: =IF(Z25=0,"",SUMIFS('RECEBIMENTOS'!$H$6:$H$1005,'RECEBIMENTOS'!$B$6:$B$1005,A25,'RECEBIMENTOS'!$X$6:$X$1005,1)) | R25: =IF(Z25=0,"",SUMIFS('VÍNCULOS_CDF'!$H$6:$H$1005,'VÍNCULOS_CDF'!$D$6:$D$1005,A25,'VÍNCULOS_CDF'!$V$6:$V$1005,1)) | S25: =IF(Z25=0,"",IF(AA25=1,"Cancelado (informado)",IF(AE25=1,"Cadastro incompleto",IF(OR(AC25=1,AD25=1,AF25>0,AH25>0,AK25>0,AL25>0),"Informação a revisar",IF(AN25=0,"Aguardando recebimento",IF(N(R25)=0,"Aguardando CDF",IF(AJ25<N(W25),"Vínculo de CDF parcial",IF(AO25=0,"CDF localizado, a conferir","Documentação conferida")))))))) | T25: =IF(Z25=0,"",IF(S25="Cadastro incompleto","MTR INCOMPLETO",IF(S25="Informação a revisar",IF(AND(AH25>0,AC25=0,AD25=0,AF25=0,AK25=0,AL25=0),"QUANTIDADE A REVISAR","IDENTIFICAÇÃO A REVISAR"),IF(S25="Aguardando recebimento","RECEBIMENTO NÃO CONFIRMADO",IF(S25="Aguardando CDF","CDF NÃO LOCALIZADO",IF(S25="Vínculo de CDF parcial","VÍNCULO INCOMPLETO",IF(S25="CDF localizado, a conferir","CDF A CONFERIR",""))))))) | U25: =IF(T25="","",IF(AQ25="","Não calculável",IF(AQ25>TODAY(),"Data futura",TODAY()-AQ25))) | V25: =IF(Z25=0,"",SUMIFS('RECEBIMENTOS'!$H$6:$H$1005,'RECEBIMENTOS'!$B$6:$B$1005,A25,'RECEBIMENTOS'!$Z$6:$Z$1005,1)) | W25: =IF(Z25=0,"",COUNTIFS('ITENS_MTR'!$S$6:$S$1005,A25,'ITENS_MTR'!$R$6:$R$1005,1)) | X25: =IF(AC25=1,"POSSÍVEL DUPLICIDADE","") | Y25: =IF(Z25=0,"",IF(AW25="","Nenhuma",LEFT(AW25,LEN(AW25)-2))) | Z25: =IF(COUNTA(B25:O25)>0,1,0) -> 0 | AA25: =IF(AND(Z25=1,K25<>""),IF(TRIM(K25)=TRIM(cfg_cancel),1,0),0) -> 0 | AB25: =IF(AND(Z25=1,B25<>""),C25&"|"&D25&"|"&G25&"|"&TRIM(B25),"") | AC25: =IF(AB25="",0,IF(SUMPRODUCT(--($AB$6:$AB$505=AB25))>1,1,0)) -> 0 | AD25: =IF(Z25=0,0,IF(OR(AND(G25<>"",ISNA(MATCH(G25,'CAD_UNIDADES'!$C$6:$C$105,0))),AND(H25<>"",ISNA(MATCH(H25,cmp_transp,0))),AND(I25<>"",ISNA(MATCH(I25,cmp_dest,0))),AND(E25<>"",NOT(ISNUMBER(E25))),AND(F25<>"",NOT(ISNUMBER(F25))),AND(ISNUMBER(E25),ISNUMBER(F25),F25<E25)),1,0)) -> 0 | AE25: =IF(Z25=0,0,IF(OR(B25="",C25="",E25="",G25="",H25="",I25="",N(W25)=0),1,0)) -> 0 | AF25: =IF(Z25=0,0,COUNTIFS('ITENS_MTR'!$S$6:$S$1005,A25,'ITENS_MTR'!$AI$6:$AI$1005,1)) -> 0 | AG25: =IF(Z25=0,0,COUNTIFS('ITENS_MTR'!$S$6:$S$1005,A25,'ITENS_MTR'!$AJ$6:$AJ$1005,1)) -> 0 | AH25: =IF(Z25=0,0,COUNTIFS('ITENS_MTR'!$S$6:$S$1005,A25,'ITENS_MTR'!$AM$6:$AM$1005,1)) -> 0 | AI25: =IF(Z25=0,0,COUNTIFS('ITENS_MTR'!$S$6:$S$1005,A25,'ITENS_MTR'!$AO$6:$AO$1005,1)) -> 0 | AJ25: =IF(Z25=0,0,COUNTIFS('ITENS_MTR'!$S$6:$S$1005,A25,'ITENS_MTR'!$AN$6:$AN$1005,1)) -> 0 | AK25: =IF(Z25=0,0,COUNTIFS('RECEBIMENTOS'!$B$6:$B$1005,A25,'RECEBIMENTOS'!$Y$6:$Y$1005,1)) -> 0 | AL25: =IF(Z25=0,0,COUNTIFS('VÍNCULOS_CDF'!$D$6:$D$1005,A25,'VÍNCULOS_CDF'!$Y$6:$Y$1005,1)) -> 0 | AM25: =IF(Z25=0,0,COUNTIFS('RECEBIMENTOS'!$B$6:$B$1005,A25,'RECEBIMENTOS'!$Q$6:$Q$1005,1)) -> 0 | AN25: =IF(AND(Z25=1,N(W25)>0,AG25=N(W25)),1,0) -> 0 | AO25: =IF(AND(Z25=1,N(W25)>0,AI25=N(W25)),1,0) -> 0 | AP25: =IF(Z25=0,0,_xlfn.MAXIFS('RECEBIMENTOS'!$E$6:$E$1005,'RECEBIMENTOS'!$B$6:$B$1005,A25)) -> 0 | AQ25: =IF(T25="","",IF(T25="RECEBIMENTO NÃO CONFIRMADO",IF(ISNUMBER(F25),F25,IF(ISNUMBER(E25),E25,"")),IF(OR(T25="CDF NÃO LOCALIZADO",T25="VÍNCULO INCOMPLETO",T25="CDF A CONFERIR"),IF(AP25>0,AP25,IF(ISNUMBER(E25),E25,"")),IF(ISNUMBER(E25),E25,"")))) | AR25: =IF(NOT(ISNUMBER(U25)),0,IF(T25="RECEBIMENTO NÃO CONFIRMADO",IF(AND(ISNUMBER(cfg_rec),U25>cfg_rec),1,0),IF(OR(T25="CDF NÃO LOCALIZADO",T25="VÍNCULO INCOMPLETO",T25="CDF A CONFERIR"),IF(AND(ISNUMBER(cfg_cdf),U25>cfg_cdf),1,0),0))) -> 0 | AS25: =IF(T25="","",IF(AR25=1,"Alta",IFERROR(INDEX(cfg_pp,MATCH(T25,cfg_pt,0))&"","Média"))) | AT25: =IF(T25="","",IFERROR(INDEX(cfg_pv,MATCH(T25,cfg_pt,0))&"","")) | AU25: =IF(T25="","",IF(AS25="Alta",1,IF(AS25="Média",2,3))*1000000000+(999999-IF(ISNUMBER(U25),MIN(U25,999999),0))*1000+20) | AV25: =IF(T25<>"",1,0) -> 0 | AW25: =IF(Z25=0,"",IF(AA25=1,"Cancelamento informado; ","")&IF(AE25=1,"Campos essenciais ou itens faltando; ","")&IF(AC25=1,"Possível duplicidade do número; ","")&IF(AD25=1,"Cadastro ou datas a revisar; ","")&IF(AF25>0,"Item de resíduo com dado a revisar; ","")&IF(AH25>0,"Diferença de quantidade a analisar; ","")&IF(AK25>0,"Recebimento com alerta; ","")&IF(AL25>0,"Vínculo de CDF com alerta; ","")&IF(AND(AA25=0,AN25=0),"Recebimento não confirmado; ","")&IF(AND(AA25=0,AN25=1,AO25=0),"CDF pendente ou a conferir; ","")) | AX25: =IF(Z25=0,0,IF(AND(OR(f_ini="",AND(ISNUMBER(E25),E25>=f_ini)),OR(f_fim="",AND(ISNUMBER(E25),E25<=f_fim)),OR(f_un="",f_un="(Todas)",G25=f_un),OR(f_tr="",f_tr="(Todos)",H25=f_tr),OR(f_de="",f_de="(Todos)",I25=f_de),OR(f_sit="",f_sit="(Todas)",S25=f_sit)),1,0)) -> 0 | AY25: =IF(AX25=0,0,IF(OR(f_res="",f_res="(Todos)"),1,IF(COUNTIFS('ITENS_MTR'!$S$6:$S$1005,A25,'ITENS_MTR'!$C$6:$C$1005,f_res)>0,1,0))) -> 0 | AZ25: =IF(ISNUMBER(E25),DATE(YEAR(E25),MONTH(E25),1),"") | BA25: =IF(Z25=0,0,IF(AND(OR(r_ini="",AND(ISNUMBER(E25),E25>=r_ini)),OR(r_fim="",AND(ISNUMBER(E25),E25<=r_fim)),OR(r_un="",r_un="(Todas)",G25=r_un),OR(r_de="",r_de="(Todos)",I25=r_de)),1,0)) -> 0 | BB25: =IF(BA25=1,COUNTIF($BA$6:BA25,1),"") | BC25: =IF(AND(AU25<>"",OR(r_un="",r_un="(Todas)",G25=r_un),OR(r_de="",r_de="(Todos)",I25=r_de)),AU25,"") | BD25: =IF(Z25=1,A25&" | nº "&IF(B25="","(sem número)",B25)&" | "&IF(G25="","(sem unidade)",G25),"") | BE25: =IF(Z25=1,COUNTIF($Z$6:Z25,1),"") | BF25: =IF(T25="","",IF(T25="RECEBIMENTO NÃO CONFIRMADO","Transp.: "&H25&" | Dest.: "&I25,IF(OR(T25="CDF NÃO LOCALIZADO",T25="VÍNCULO INCOMPLETO",T25="CDF A CONFERIR"),"Dest.: "&I25,"Gerador: "&G25)))
A26: MTR-000021 | P26: =IF(Z26=0,"",SUMIFS('ITENS_MTR'!$I$6:$I$1005,'ITENS_MTR'!$S$6:$S$1005,A26,'ITENS_MTR'!$Y$6:$Y$1005,1)) | Q26: =IF(Z26=0,"",SUMIFS('RECEBIMENTOS'!$H$6:$H$1005,'RECEBIMENTOS'!$B$6:$B$1005,A26,'RECEBIMENTOS'!$X$6:$X$1005,1)) | R26: =IF(Z26=0,"",SUMIFS('VÍNCULOS_CDF'!$H$6:$H$1005,'VÍNCULOS_CDF'!$D$6:$D$1005,A26,'VÍNCULOS_CDF'!$V$6:$V$1005,1)) | S26: =IF(Z26=0,"",IF(AA26=1,"Cancelado (informado)",IF(AE26=1,"Cadastro incompleto",IF(OR(AC26=1,AD26=1,AF26>0,AH26>0,AK26>0,AL26>0),"Informação a revisar",IF(AN26=0,"Aguardando recebimento",IF(N(R26)=0,"Aguardando CDF",IF(AJ26<N(W26),"Vínculo de CDF parcial",IF(AO26=0,"CDF localizado, a conferir","Documentação conferida")))))))) | T26: =IF(Z26=0,"",IF(S26="Cadastro incompleto","MTR INCOMPLETO",IF(S26="Informação a revisar",IF(AND(AH26>0,AC26=0,AD26=0,AF26=0,AK26=0,AL26=0),"QUANTIDADE A REVISAR","IDENTIFICAÇÃO A REVISAR"),IF(S26="Aguardando recebimento","RECEBIMENTO NÃO CONFIRMADO",IF(S26="Aguardando CDF","CDF NÃO LOCALIZADO",IF(S26="Vínculo de CDF parcial","VÍNCULO INCOMPLETO",IF(S26="CDF localizado, a conferir","CDF A CONFERIR",""))))))) | U26: =IF(T26="","",IF(AQ26="","Não calculável",IF(AQ26>TODAY(),"Data futura",TODAY()-AQ26))) | V26: =IF(Z26=0,"",SUMIFS('RECEBIMENTOS'!$H$6:$H$1005,'RECEBIMENTOS'!$B$6:$B$1005,A26,'RECEBIMENTOS'!$Z$6:$Z$1005,1)) | W26: =IF(Z26=0,"",COUNTIFS('ITENS_MTR'!$S$6:$S$1005,A26,'ITENS_MTR'!$R$6:$R$1005,1)) | X26: =IF(AC26=1,"POSSÍVEL DUPLICIDADE","") | Y26: =IF(Z26=0,"",IF(AW26="","Nenhuma",LEFT(AW26,LEN(AW26)-2))) | Z26: =IF(COUNTA(B26:O26)>0,1,0) -> 0 | AA26: =IF(AND(Z26=1,K26<>""),IF(TRIM(K26)=TRIM(cfg_cancel),1,0),0) -> 0 | AB26: =IF(AND(Z26=1,B26<>""),C26&"|"&D26&"|"&G26&"|"&TRIM(B26),"") | AC26: =IF(AB26="",0,IF(SUMPRODUCT(--($AB$6:$AB$505=AB26))>1,1,0)) -> 0 | AD26: =IF(Z26=0,0,IF(OR(AND(G26<>"",ISNA(MATCH(G26,'CAD_UNIDADES'!$C$6:$C$105,0))),AND(H26<>"",ISNA(MATCH(H26,cmp_transp,0))),AND(I26<>"",ISNA(MATCH(I26,cmp_dest,0))),AND(E26<>"",NOT(ISNUMBER(E26))),AND(F26<>"",NOT(ISNUMBER(F26))),AND(ISNUMBER(E26),ISNUMBER(F26),F26<E26)),1,0)) -> 0 | AE26: =IF(Z26=0,0,IF(OR(B26="",C26="",E26="",G26="",H26="",I26="",N(W26)=0),1,0)) -> 0 | AF26: =IF(Z26=0,0,COUNTIFS('ITENS_MTR'!$S$6:$S$1005,A26,'ITENS_MTR'!$AI$6:$AI$1005,1)) -> 0 | AG26: =IF(Z26=0,0,COUNTIFS('ITENS_MTR'!$S$6:$S$1005,A26,'ITENS_MTR'!$AJ$6:$AJ$1005,1)) -> 0 | AH26: =IF(Z26=0,0,COUNTIFS('ITENS_MTR'!$S$6:$S$1005,A26,'ITENS_MTR'!$AM$6:$AM$1005,1)) -> 0 | AI26: =IF(Z26=0,0,COUNTIFS('ITENS_MTR'!$S$6:$S$1005,A26,'ITENS_MTR'!$AO$6:$AO$1005,1)) -> 0 | AJ26: =IF(Z26=0,0,COUNTIFS('ITENS_MTR'!$S$6:$S$1005,A26,'ITENS_MTR'!$AN$6:$AN$1005,1)) -> 0 | AK26: =IF(Z26=0,0,COUNTIFS('RECEBIMENTOS'!$B$6:$B$1005,A26,'RECEBIMENTOS'!$Y$6:$Y$1005,1)) -> 0 | AL26: =IF(Z26=0,0,COUNTIFS('VÍNCULOS_CDF'!$D$6:$D$1005,A26,'VÍNCULOS_CDF'!$Y$6:$Y$1005,1)) -> 0 | AM26: =IF(Z26=0,0,COUNTIFS('RECEBIMENTOS'!$B$6:$B$1005,A26,'RECEBIMENTOS'!$Q$6:$Q$1005,1)) -> 0 | AN26: =IF(AND(Z26=1,N(W26)>0,AG26=N(W26)),1,0) -> 0 | AO26: =IF(AND(Z26=1,N(W26)>0,AI26=N(W26)),1,0) -> 0 | AP26: =IF(Z26=0,0,_xlfn.MAXIFS('RECEBIMENTOS'!$E$6:$E$1005,'RECEBIMENTOS'!$B$6:$B$1005,A26)) -> 0 | AQ26: =IF(T26="","",IF(T26="RECEBIMENTO NÃO CONFIRMADO",IF(ISNUMBER(F26),F26,IF(ISNUMBER(E26),E26,"")),IF(OR(T26="CDF NÃO LOCALIZADO",T26="VÍNCULO INCOMPLETO",T26="CDF A CONFERIR"),IF(AP26>0,AP26,IF(ISNUMBER(E26),E26,"")),IF(ISNUMBER(E26),E26,"")))) | AR26: =IF(NOT(ISNUMBER(U26)),0,IF(T26="RECEBIMENTO NÃO CONFIRMADO",IF(AND(ISNUMBER(cfg_rec),U26>cfg_rec),1,0),IF(OR(T26="CDF NÃO LOCALIZADO",T26="VÍNCULO INCOMPLETO",T26="CDF A CONFERIR"),IF(AND(ISNUMBER(cfg_cdf),U26>cfg_cdf),1,0),0))) -> 0 | AS26: =IF(T26="","",IF(AR26=1,"Alta",IFERROR(INDEX(cfg_pp,MATCH(T26,cfg_pt,0))&"","Média"))) | AT26: =IF(T26="","",IFERROR(INDEX(cfg_pv,MATCH(T26,cfg_pt,0))&"","")) | AU26: =IF(T26="","",IF(AS26="Alta",1,IF(AS26="Média",2,3))*1000000000+(999999-IF(ISNUMBER(U26),MIN(U26,999999),0))*1000+21) | AV26: =IF(T26<>"",1,0) -> 0 | AW26: =IF(Z26=0,"",IF(AA26=1,"Cancelamento informado; ","")&IF(AE26=1,"Campos essenciais ou itens faltando; ","")&IF(AC26=1,"Possível duplicidade do número; ","")&IF(AD26=1,"Cadastro ou datas a revisar; ","")&IF(AF26>0,"Item de resíduo com dado a revisar; ","")&IF(AH26>0,"Diferença de quantidade a analisar; ","")&IF(AK26>0,"Recebimento com alerta; ","")&IF(AL26>0,"Vínculo de CDF com alerta; ","")&IF(AND(AA26=0,AN26=0),"Recebimento não confirmado; ","")&IF(AND(AA26=0,AN26=1,AO26=0),"CDF pendente ou a conferir; ","")) | AX26: =IF(Z26=0,0,IF(AND(OR(f_ini="",AND(ISNUMBER(E26),E26>=f_ini)),OR(f_fim="",AND(ISNUMBER(E26),E26<=f_fim)),OR(f_un="",f_un="(Todas)",G26=f_un),OR(f_tr="",f_tr="(Todos)",H26=f_tr),OR(f_de="",f_de="(Todos)",I26=f_de),OR(f_sit="",f_sit="(Todas)",S26=f_sit)),1,0)) -> 0 | AY26: =IF(AX26=0,0,IF(OR(f_res="",f_res="(Todos)"),1,IF(COUNTIFS('ITENS_MTR'!$S$6:$S$1005,A26,'ITENS_MTR'!$C$6:$C$1005,f_res)>0,1,0))) -> 0 | AZ26: =IF(ISNUMBER(E26),DATE(YEAR(E26),MONTH(E26),1),"") | BA26: =IF(Z26=0,0,IF(AND(OR(r_ini="",AND(ISNUMBER(E26),E26>=r_ini)),OR(r_fim="",AND(ISNUMBER(E26),E26<=r_fim)),OR(r_un="",r_un="(Todas)",G26=r_un),OR(r_de="",r_de="(Todos)",I26=r_de)),1,0)) -> 0 | BB26: =IF(BA26=1,COUNTIF($BA$6:BA26,1),"") | BC26: =IF(AND(AU26<>"",OR(r_un="",r_un="(Todas)",G26=r_un),OR(r_de="",r_de="(Todos)",I26=r_de)),AU26,"") | BD26: =IF(Z26=1,A26&" | nº "&IF(B26="","(sem número)",B26)&" | "&IF(G26="","(sem unidade)",G26),"") | BE26: =IF(Z26=1,COUNTIF($Z$6:Z26,1),"") | BF26: =IF(T26="","",IF(T26="RECEBIMENTO NÃO CONFIRMADO","Transp.: "&H26&" | Dest.: "&I26,IF(OR(T26="CDF NÃO LOCALIZADO",T26="VÍNCULO INCOMPLETO",T26="CDF A CONFERIR"),"Dest.: "&I26,"Gerador: "&G26)))
A27: MTR-000022 | P27: =IF(Z27=0,"",SUMIFS('ITENS_MTR'!$I$6:$I$1005,'ITENS_MTR'!$S$6:$S$1005,A27,'ITENS_MTR'!$Y$6:$Y$1005,1)) | Q27: =IF(Z27=0,"",SUMIFS('RECEBIMENTOS'!$H$6:$H$1005,'RECEBIMENTOS'!$B$6:$B$1005,A27,'RECEBIMENTOS'!$X$6:$X$1005,1)) | R27: =IF(Z27=0,"",SUMIFS('VÍNCULOS_CDF'!$H$6:$H$1005,'VÍNCULOS_CDF'!$D$6:$D$1005,A27,'VÍNCULOS_CDF'!$V$6:$V$1005,1)) | S27: =IF(Z27=0,"",IF(AA27=1,"Cancelado (informado)",IF(AE27=1,"Cadastro incompleto",IF(OR(AC27=1,AD27=1,AF27>0,AH27>0,AK27>0,AL27>0),"Informação a revisar",IF(AN27=0,"Aguardando recebimento",IF(N(R27)=0,"Aguardando CDF",IF(AJ27<N(W27),"Vínculo de CDF parcial",IF(AO27=0,"CDF localizado, a conferir","Documentação conferida")))))))) | T27: =IF(Z27=0,"",IF(S27="Cadastro incompleto","MTR INCOMPLETO",IF(S27="Informação a revisar",IF(AND(AH27>0,AC27=0,AD27=0,AF27=0,AK27=0,AL27=0),"QUANTIDADE A REVISAR","IDENTIFICAÇÃO A REVISAR"),IF(S27="Aguardando recebimento","RECEBIMENTO NÃO CONFIRMADO",IF(S27="Aguardando CDF","CDF NÃO LOCALIZADO",IF(S27="Vínculo de CDF parcial","VÍNCULO INCOMPLETO",IF(S27="CDF localizado, a conferir","CDF A CONFERIR",""))))))) | U27: =IF(T27="","",IF(AQ27="","Não calculável",IF(AQ27>TODAY(),"Data futura",TODAY()-AQ27))) | V27: =IF(Z27=0,"",SUMIFS('RECEBIMENTOS'!$H$6:$H$1005,'RECEBIMENTOS'!$B$6:$B$1005,A27,'RECEBIMENTOS'!$Z$6:$Z$1005,1)) | W27: =IF(Z27=0,"",COUNTIFS('ITENS_MTR'!$S$6:$S$1005,A27,'ITENS_MTR'!$R$6:$R$1005,1)) | X27: =IF(AC27=1,"POSSÍVEL DUPLICIDADE","") | Y27: =IF(Z27=0,"",IF(AW27="","Nenhuma",LEFT(AW27,LEN(AW27)-2))) | Z27: =IF(COUNTA(B27:O27)>0,1,0) -> 0 | AA27: =IF(AND(Z27=1,K27<>""),IF(TRIM(K27)=TRIM(cfg_cancel),1,0),0) -> 0 | AB27: =IF(AND(Z27=1,B27<>""),C27&"|"&D27&"|"&G27&"|"&TRIM(B27),"") | AC27: =IF(AB27="",0,IF(SUMPRODUCT(--($AB$6:$AB$505=AB27))>1,1,0)) -> 0 | AD27: =IF(Z27=0,0,IF(OR(AND(G27<>"",ISNA(MATCH(G27,'CAD_UNIDADES'!$C$6:$C$105,0))),AND(H27<>"",ISNA(MATCH(H27,cmp_transp,0))),AND(I27<>"",ISNA(MATCH(I27,cmp_dest,0))),AND(E27<>"",NOT(ISNUMBER(E27))),AND(F27<>"",NOT(ISNUMBER(F27))),AND(ISNUMBER(E27),ISNUMBER(F27),F27<E27)),1,0)) -> 0 | AE27: =IF(Z27=0,0,IF(OR(B27="",C27="",E27="",G27="",H27="",I27="",N(W27)=0),1,0)) -> 0 | AF27: =IF(Z27=0,0,COUNTIFS('ITENS_MTR'!$S$6:$S$1005,A27,'ITENS_MTR'!$AI$6:$AI$1005,1)) -> 0 | AG27: =IF(Z27=0,0,COUNTIFS('ITENS_MTR'!$S$6:$S$1005,A27,'ITENS_MTR'!$AJ$6:$AJ$1005,1)) -> 0 | AH27: =IF(Z27=0,0,COUNTIFS('ITENS_MTR'!$S$6:$S$1005,A27,'ITENS_MTR'!$AM$6:$AM$1005,1)) -> 0 | AI27: =IF(Z27=0,0,COUNTIFS('ITENS_MTR'!$S$6:$S$1005,A27,'ITENS_MTR'!$AO$6:$AO$1005,1)) -> 0 | AJ27: =IF(Z27=0,0,COUNTIFS('ITENS_MTR'!$S$6:$S$1005,A27,'ITENS_MTR'!$AN$6:$AN$1005,1)) -> 0 | AK27: =IF(Z27=0,0,COUNTIFS('RECEBIMENTOS'!$B$6:$B$1005,A27,'RECEBIMENTOS'!$Y$6:$Y$1005,1)) -> 0 | AL27: =IF(Z27=0,0,COUNTIFS('VÍNCULOS_CDF'!$D$6:$D$1005,A27,'VÍNCULOS_CDF'!$Y$6:$Y$1005,1)) -> 0 | AM27: =IF(Z27=0,0,COUNTIFS('RECEBIMENTOS'!$B$6:$B$1005,A27,'RECEBIMENTOS'!$Q$6:$Q$1005,1)) -> 0 | AN27: =IF(AND(Z27=1,N(W27)>0,AG27=N(W27)),1,0) -> 0 | AO27: =IF(AND(Z27=1,N(W27)>0,AI27=N(W27)),1,0) -> 0 | AP27: =IF(Z27=0,0,_xlfn.MAXIFS('RECEBIMENTOS'!$E$6:$E$1005,'RECEBIMENTOS'!$B$6:$B$1005,A27)) -> 0 | AQ27: =IF(T27="","",IF(T27="RECEBIMENTO NÃO CONFIRMADO",IF(ISNUMBER(F27),F27,IF(ISNUMBER(E27),E27,"")),IF(OR(T27="CDF NÃO LOCALIZADO",T27="VÍNCULO INCOMPLETO",T27="CDF A CONFERIR"),IF(AP27>0,AP27,IF(ISNUMBER(E27),E27,"")),IF(ISNUMBER(E27),E27,"")))) | AR27: =IF(NOT(ISNUMBER(U27)),0,IF(T27="RECEBIMENTO NÃO CONFIRMADO",IF(AND(ISNUMBER(cfg_rec),U27>cfg_rec),1,0),IF(OR(T27="CDF NÃO LOCALIZADO",T27="VÍNCULO INCOMPLETO",T27="CDF A CONFERIR"),IF(AND(ISNUMBER(cfg_cdf),U27>cfg_cdf),1,0),0))) -> 0 | AS27: =IF(T27="","",IF(AR27=1,"Alta",IFERROR(INDEX(cfg_pp,MATCH(T27,cfg_pt,0))&"","Média"))) | AT27: =IF(T27="","",IFERROR(INDEX(cfg_pv,MATCH(T27,cfg_pt,0))&"","")) | AU27: =IF(T27="","",IF(AS27="Alta",1,IF(AS27="Média",2,3))*1000000000+(999999-IF(ISNUMBER(U27),MIN(U27,999999),0))*1000+22) | AV27: =IF(T27<>"",1,0) -> 0 | AW27: =IF(Z27=0,"",IF(AA27=1,"Cancelamento informado; ","")&IF(AE27=1,"Campos essenciais ou itens faltando; ","")&IF(AC27=1,"Possível duplicidade do número; ","")&IF(AD27=1,"Cadastro ou datas a revisar; ","")&IF(AF27>0,"Item de resíduo com dado a revisar; ","")&IF(AH27>0,"Diferença de quantidade a analisar; ","")&IF(AK27>0,"Recebimento com alerta; ","")&IF(AL27>0,"Vínculo de CDF com alerta; ","")&IF(AND(AA27=0,AN27=0),"Recebimento não confirmado; ","")&IF(AND(AA27=0,AN27=1,AO27=0),"CDF pendente ou a conferir; ","")) | AX27: =IF(Z27=0,0,IF(AND(OR(f_ini="",AND(ISNUMBER(E27),E27>=f_ini)),OR(f_fim="",AND(ISNUMBER(E27),E27<=f_fim)),OR(f_un="",f_un="(Todas)",G27=f_un),OR(f_tr="",f_tr="(Todos)",H27=f_tr),OR(f_de="",f_de="(Todos)",I27=f_de),OR(f_sit="",f_sit="(Todas)",S27=f_sit)),1,0)) -> 0 | AY27: =IF(AX27=0,0,IF(OR(f_res="",f_res="(Todos)"),1,IF(COUNTIFS('ITENS_MTR'!$S$6:$S$1005,A27,'ITENS_MTR'!$C$6:$C$1005,f_res)>0,1,0))) -> 0 | AZ27: =IF(ISNUMBER(E27),DATE(YEAR(E27),MONTH(E27),1),"") | BA27: =IF(Z27=0,0,IF(AND(OR(r_ini="",AND(ISNUMBER(E27),E27>=r_ini)),OR(r_fim="",AND(ISNUMBER(E27),E27<=r_fim)),OR(r_un="",r_un="(Todas)",G27=r_un),OR(r_de="",r_de="(Todos)",I27=r_de)),1,0)) -> 0 | BB27: =IF(BA27=1,COUNTIF($BA$6:BA27,1),"") | BC27: =IF(AND(AU27<>"",OR(r_un="",r_un="(Todas)",G27=r_un),OR(r_de="",r_de="(Todos)",I27=r_de)),AU27,"") | BD27: =IF(Z27=1,A27&" | nº "&IF(B27="","(sem número)",B27)&" | "&IF(G27="","(sem unidade)",G27),"") | BE27: =IF(Z27=1,COUNTIF($Z$6:Z27,1),"") | BF27: =IF(T27="","",IF(T27="RECEBIMENTO NÃO CONFIRMADO","Transp.: "&H27&" | Dest.: "&I27,IF(OR(T27="CDF NÃO LOCALIZADO",T27="VÍNCULO INCOMPLETO",T27="CDF A CONFERIR"),"Dest.: "&I27,"Gerador: "&G27)))
A28: MTR-000023 | P28: =IF(Z28=0,"",SUMIFS('ITENS_MTR'!$I$6:$I$1005,'ITENS_MTR'!$S$6:$S$1005,A28,'ITENS_MTR'!$Y$6:$Y$1005,1)) | Q28: =IF(Z28=0,"",SUMIFS('RECEBIMENTOS'!$H$6:$H$1005,'RECEBIMENTOS'!$B$6:$B$1005,A28,'RECEBIMENTOS'!$X$6:$X$1005,1)) | R28: =IF(Z28=0,"",SUMIFS('VÍNCULOS_CDF'!$H$6:$H$1005,'VÍNCULOS_CDF'!$D$6:$D$1005,A28,'VÍNCULOS_CDF'!$V$6:$V$1005,1)) | S28: =IF(Z28=0,"",IF(AA28=1,"Cancelado (informado)",IF(AE28=1,"Cadastro incompleto",IF(OR(AC28=1,AD28=1,AF28>0,AH28>0,AK28>0,AL28>0),"Informação a revisar",IF(AN28=0,"Aguardando recebimento",IF(N(R28)=0,"Aguardando CDF",IF(AJ28<N(W28),"Vínculo de CDF parcial",IF(AO28=0,"CDF localizado, a conferir","Documentação conferida")))))))) | T28: =IF(Z28=0,"",IF(S28="Cadastro incompleto","MTR INCOMPLETO",IF(S28="Informação a revisar",IF(AND(AH28>0,AC28=0,AD28=0,AF28=0,AK28=0,AL28=0),"QUANTIDADE A REVISAR","IDENTIFICAÇÃO A REVISAR"),IF(S28="Aguardando recebimento","RECEBIMENTO NÃO CONFIRMADO",IF(S28="Aguardando CDF","CDF NÃO LOCALIZADO",IF(S28="Vínculo de CDF parcial","VÍNCULO INCOMPLETO",IF(S28="CDF localizado, a conferir","CDF A CONFERIR",""))))))) | U28: =IF(T28="","",IF(AQ28="","Não calculável",IF(AQ28>TODAY(),"Data futura",TODAY()-AQ28))) | V28: =IF(Z28=0,"",SUMIFS('RECEBIMENTOS'!$H$6:$H$1005,'RECEBIMENTOS'!$B$6:$B$1005,A28,'RECEBIMENTOS'!$Z$6:$Z$1005,1)) | W28: =IF(Z28=0,"",COUNTIFS('ITENS_MTR'!$S$6:$S$1005,A28,'ITENS_MTR'!$R$6:$R$1005,1)) | X28: =IF(AC28=1,"POSSÍVEL DUPLICIDADE","") | Y28: =IF(Z28=0,"",IF(AW28="","Nenhuma",LEFT(AW28,LEN(AW28)-2))) | Z28: =IF(COUNTA(B28:O28)>0,1,0) -> 0 | AA28: =IF(AND(Z28=1,K28<>""),IF(TRIM(K28)=TRIM(cfg_cancel),1,0),0) -> 0 | AB28: =IF(AND(Z28=1,B28<>""),C28&"|"&D28&"|"&G28&"|"&TRIM(B28),"") | AC28: =IF(AB28="",0,IF(SUMPRODUCT(--($AB$6:$AB$505=AB28))>1,1,0)) -> 0 | AD28: =IF(Z28=0,0,IF(OR(AND(G28<>"",ISNA(MATCH(G28,'CAD_UNIDADES'!$C$6:$C$105,0))),AND(H28<>"",ISNA(MATCH(H28,cmp_transp,0))),AND(I28<>"",ISNA(MATCH(I28,cmp_dest,0))),AND(E28<>"",NOT(ISNUMBER(E28))),AND(F28<>"",NOT(ISNUMBER(F28))),AND(ISNUMBER(E28),ISNUMBER(F28),F28<E28)),1,0)) -> 0 | AE28: =IF(Z28=0,0,IF(OR(B28="",C28="",E28="",G28="",H28="",I28="",N(W28)=0),1,0)) -> 0 | AF28: =IF(Z28=0,0,COUNTIFS('ITENS_MTR'!$S$6:$S$1005,A28,'ITENS_MTR'!$AI$6:$AI$1005,1)) -> 0 | AG28: =IF(Z28=0,0,COUNTIFS('ITENS_MTR'!$S$6:$S$1005,A28,'ITENS_MTR'!$AJ$6:$AJ$1005,1)) -> 0 | AH28: =IF(Z28=0,0,COUNTIFS('ITENS_MTR'!$S$6:$S$1005,A28,'ITENS_MTR'!$AM$6:$AM$1005,1)) -> 0 | AI28: =IF(Z28=0,0,COUNTIFS('ITENS_MTR'!$S$6:$S$1005,A28,'ITENS_MTR'!$AO$6:$AO$1005,1)) -> 0 | AJ28: =IF(Z28=0,0,COUNTIFS('ITENS_MTR'!$S$6:$S$1005,A28,'ITENS_MTR'!$AN$6:$AN$1005,1)) -> 0 | AK28: =IF(Z28=0,0,COUNTIFS('RECEBIMENTOS'!$B$6:$B$1005,A28,'RECEBIMENTOS'!$Y$6:$Y$1005,1)) -> 0 | AL28: =IF(Z28=0,0,COUNTIFS('VÍNCULOS_CDF'!$D$6:$D$1005,A28,'VÍNCULOS_CDF'!$Y$6:$Y$1005,1)) -> 0 | AM28: =IF(Z28=0,0,COUNTIFS('RECEBIMENTOS'!$B$6:$B$1005,A28,'RECEBIMENTOS'!$Q$6:$Q$1005,1)) -> 0 | AN28: =IF(AND(Z28=1,N(W28)>0,AG28=N(W28)),1,0) -> 0 | AO28: =IF(AND(Z28=1,N(W28)>0,AI28=N(W28)),1,0) -> 0 | AP28: =IF(Z28=0,0,_xlfn.MAXIFS('RECEBIMENTOS'!$E$6:$E$1005,'RECEBIMENTOS'!$B$6:$B$1005,A28)) -> 0 | AQ28: =IF(T28="","",IF(T28="RECEBIMENTO NÃO CONFIRMADO",IF(ISNUMBER(F28),F28,IF(ISNUMBER(E28),E28,"")),IF(OR(T28="CDF NÃO LOCALIZADO",T28="VÍNCULO INCOMPLETO",T28="CDF A CONFERIR"),IF(AP28>0,AP28,IF(ISNUMBER(E28),E28,"")),IF(ISNUMBER(E28),E28,"")))) | AR28: =IF(NOT(ISNUMBER(U28)),0,IF(T28="RECEBIMENTO NÃO CONFIRMADO",IF(AND(ISNUMBER(cfg_rec),U28>cfg_rec),1,0),IF(OR(T28="CDF NÃO LOCALIZADO",T28="VÍNCULO INCOMPLETO",T28="CDF A CONFERIR"),IF(AND(ISNUMBER(cfg_cdf),U28>cfg_cdf),1,0),0))) -> 0 | AS28: =IF(T28="","",IF(AR28=1,"Alta",IFERROR(INDEX(cfg_pp,MATCH(T28,cfg_pt,0))&"","Média"))) | AT28: =IF(T28="","",IFERROR(INDEX(cfg_pv,MATCH(T28,cfg_pt,0))&"","")) | AU28: =IF(T28="","",IF(AS28="Alta",1,IF(AS28="Média",2,3))*1000000000+(999999-IF(ISNUMBER(U28),MIN(U28,999999),0))*1000+23) | AV28: =IF(T28<>"",1,0) -> 0 | AW28: =IF(Z28=0,"",IF(AA28=1,"Cancelamento informado; ","")&IF(AE28=1,"Campos essenciais ou itens faltando; ","")&IF(AC28=1,"Possível duplicidade do número; ","")&IF(AD28=1,"Cadastro ou datas a revisar; ","")&IF(AF28>0,"Item de resíduo com dado a revisar; ","")&IF(AH28>0,"Diferença de quantidade a analisar; ","")&IF(AK28>0,"Recebimento com alerta; ","")&IF(AL28>0,"Vínculo de CDF com alerta; ","")&IF(AND(AA28=0,AN28=0),"Recebimento não confirmado; ","")&IF(AND(AA28=0,AN28=1,AO28=0),"CDF pendente ou a conferir; ","")) | AX28: =IF(Z28=0,0,IF(AND(OR(f_ini="",AND(ISNUMBER(E28),E28>=f_ini)),OR(f_fim="",AND(ISNUMBER(E28),E28<=f_fim)),OR(f_un="",f_un="(Todas)",G28=f_un),OR(f_tr="",f_tr="(Todos)",H28=f_tr),OR(f_de="",f_de="(Todos)",I28=f_de),OR(f_sit="",f_sit="(Todas)",S28=f_sit)),1,0)) -> 0 | AY28: =IF(AX28=0,0,IF(OR(f_res="",f_res="(Todos)"),1,IF(COUNTIFS('ITENS_MTR'!$S$6:$S$1005,A28,'ITENS_MTR'!$C$6:$C$1005,f_res)>0,1,0))) -> 0 | AZ28: =IF(ISNUMBER(E28),DATE(YEAR(E28),MONTH(E28),1),"") | BA28: =IF(Z28=0,0,IF(AND(OR(r_ini="",AND(ISNUMBER(E28),E28>=r_ini)),OR(r_fim="",AND(ISNUMBER(E28),E28<=r_fim)),OR(r_un="",r_un="(Todas)",G28=r_un),OR(r_de="",r_de="(Todos)",I28=r_de)),1,0)) -> 0 | BB28: =IF(BA28=1,COUNTIF($BA$6:BA28,1),"") | BC28: =IF(AND(AU28<>"",OR(r_un="",r_un="(Todas)",G28=r_un),OR(r_de="",r_de="(Todos)",I28=r_de)),AU28,"") | BD28: =IF(Z28=1,A28&" | nº "&IF(B28="","(sem número)",B28)&" | "&IF(G28="","(sem unidade)",G28),"") | BE28: =IF(Z28=1,COUNTIF($Z$6:Z28,1),"") | BF28: =IF(T28="","",IF(T28="RECEBIMENTO NÃO CONFIRMADO","Transp.: "&H28&" | Dest.: "&I28,IF(OR(T28="CDF NÃO LOCALIZADO",T28="VÍNCULO INCOMPLETO",T28="CDF A CONFERIR"),"Dest.: "&I28,"Gerador: "&G28)))
A29: MTR-000024 | P29: =IF(Z29=0,"",SUMIFS('ITENS_MTR'!$I$6:$I$1005,'ITENS_MTR'!$S$6:$S$1005,A29,'ITENS_MTR'!$Y$6:$Y$1005,1)) | Q29: =IF(Z29=0,"",SUMIFS('RECEBIMENTOS'!$H$6:$H$1005,'RECEBIMENTOS'!$B$6:$B$1005,A29,'RECEBIMENTOS'!$X$6:$X$1005,1)) | R29: =IF(Z29=0,"",SUMIFS('VÍNCULOS_CDF'!$H$6:$H$1005,'VÍNCULOS_CDF'!$D$6:$D$1005,A29,'VÍNCULOS_CDF'!$V$6:$V$1005,1)) | S29: =IF(Z29=0,"",IF(AA29=1,"Cancelado (informado)",IF(AE29=1,"Cadastro incompleto",IF(OR(AC29=1,AD29=1,AF29>0,AH29>0,AK29>0,AL29>0),"Informação a revisar",IF(AN29=0,"Aguardando recebimento",IF(N(R29)=0,"Aguardando CDF",IF(AJ29<N(W29),"Vínculo de CDF parcial",IF(AO29=0,"CDF localizado, a conferir","Documentação conferida")))))))) | T29: =IF(Z29=0,"",IF(S29="Cadastro incompleto","MTR INCOMPLETO",IF(S29="Informação a revisar",IF(AND(AH29>0,AC29=0,AD29=0,AF29=0,AK29=0,AL29=0),"QUANTIDADE A REVISAR","IDENTIFICAÇÃO A REVISAR"),IF(S29="Aguardando recebimento","RECEBIMENTO NÃO CONFIRMADO",IF(S29="Aguardando CDF","CDF NÃO LOCALIZADO",IF(S29="Vínculo de CDF parcial","VÍNCULO INCOMPLETO",IF(S29="CDF localizado, a conferir","CDF A CONFERIR",""))))))) | U29: =IF(T29="","",IF(AQ29="","Não calculável",IF(AQ29>TODAY(),"Data futura",TODAY()-AQ29))) | V29: =IF(Z29=0,"",SUMIFS('RECEBIMENTOS'!$H$6:$H$1005,'RECEBIMENTOS'!$B$6:$B$1005,A29,'RECEBIMENTOS'!$Z$6:$Z$1005,1)) | W29: =IF(Z29=0,"",COUNTIFS('ITENS_MTR'!$S$6:$S$1005,A29,'ITENS_MTR'!$R$6:$R$1005,1)) | X29: =IF(AC29=1,"POSSÍVEL DUPLICIDADE","") | Y29: =IF(Z29=0,"",IF(AW29="","Nenhuma",LEFT(AW29,LEN(AW29)-2))) | Z29: =IF(COUNTA(B29:O29)>0,1,0) -> 0 | AA29: =IF(AND(Z29=1,K29<>""),IF(TRIM(K29)=TRIM(cfg_cancel),1,0),0) -> 0 | AB29: =IF(AND(Z29=1,B29<>""),C29&"|"&D29&"|"&G29&"|"&TRIM(B29),"") | AC29: =IF(AB29="",0,IF(SUMPRODUCT(--($AB$6:$AB$505=AB29))>1,1,0)) -> 0 | AD29: =IF(Z29=0,0,IF(OR(AND(G29<>"",ISNA(MATCH(G29,'CAD_UNIDADES'!$C$6:$C$105,0))),AND(H29<>"",ISNA(MATCH(H29,cmp_transp,0))),AND(I29<>"",ISNA(MATCH(I29,cmp_dest,0))),AND(E29<>"",NOT(ISNUMBER(E29))),AND(F29<>"",NOT(ISNUMBER(F29))),AND(ISNUMBER(E29),ISNUMBER(F29),F29<E29)),1,0)) -> 0 | AE29: =IF(Z29=0,0,IF(OR(B29="",C29="",E29="",G29="",H29="",I29="",N(W29)=0),1,0)) -> 0 | AF29: =IF(Z29=0,0,COUNTIFS('ITENS_MTR'!$S$6:$S$1005,A29,'ITENS_MTR'!$AI$6:$AI$1005,1)) -> 0 | AG29: =IF(Z29=0,0,COUNTIFS('ITENS_MTR'!$S$6:$S$1005,A29,'ITENS_MTR'!$AJ$6:$AJ$1005,1)) -> 0 | AH29: =IF(Z29=0,0,COUNTIFS('ITENS_MTR'!$S$6:$S$1005,A29,'ITENS_MTR'!$AM$6:$AM$1005,1)) -> 0 | AI29: =IF(Z29=0,0,COUNTIFS('ITENS_MTR'!$S$6:$S$1005,A29,'ITENS_MTR'!$AO$6:$AO$1005,1)) -> 0 | AJ29: =IF(Z29=0,0,COUNTIFS('ITENS_MTR'!$S$6:$S$1005,A29,'ITENS_MTR'!$AN$6:$AN$1005,1)) -> 0 | AK29: =IF(Z29=0,0,COUNTIFS('RECEBIMENTOS'!$B$6:$B$1005,A29,'RECEBIMENTOS'!$Y$6:$Y$1005,1)) -> 0 | AL29: =IF(Z29=0,0,COUNTIFS('VÍNCULOS_CDF'!$D$6:$D$1005,A29,'VÍNCULOS_CDF'!$Y$6:$Y$1005,1)) -> 0 | AM29: =IF(Z29=0,0,COUNTIFS('RECEBIMENTOS'!$B$6:$B$1005,A29,'RECEBIMENTOS'!$Q$6:$Q$1005,1)) -> 0 | AN29: =IF(AND(Z29=1,N(W29)>0,AG29=N(W29)),1,0) -> 0 | AO29: =IF(AND(Z29=1,N(W29)>0,AI29=N(W29)),1,0) -> 0 | AP29: =IF(Z29=0,0,_xlfn.MAXIFS('RECEBIMENTOS'!$E$6:$E$1005,'RECEBIMENTOS'!$B$6:$B$1005,A29)) -> 0 | AQ29: =IF(T29="","",IF(T29="RECEBIMENTO NÃO CONFIRMADO",IF(ISNUMBER(F29),F29,IF(ISNUMBER(E29),E29,"")),IF(OR(T29="CDF NÃO LOCALIZADO",T29="VÍNCULO INCOMPLETO",T29="CDF A CONFERIR"),IF(AP29>0,AP29,IF(ISNUMBER(E29),E29,"")),IF(ISNUMBER(E29),E29,"")))) | AR29: =IF(NOT(ISNUMBER(U29)),0,IF(T29="RECEBIMENTO NÃO CONFIRMADO",IF(AND(ISNUMBER(cfg_rec),U29>cfg_rec),1,0),IF(OR(T29="CDF NÃO LOCALIZADO",T29="VÍNCULO INCOMPLETO",T29="CDF A CONFERIR"),IF(AND(ISNUMBER(cfg_cdf),U29>cfg_cdf),1,0),0))) -> 0 | AS29: =IF(T29="","",IF(AR29=1,"Alta",IFERROR(INDEX(cfg_pp,MATCH(T29,cfg_pt,0))&"","Média"))) | AT29: =IF(T29="","",IFERROR(INDEX(cfg_pv,MATCH(T29,cfg_pt,0))&"","")) | AU29: =IF(T29="","",IF(AS29="Alta",1,IF(AS29="Média",2,3))*1000000000+(999999-IF(ISNUMBER(U29),MIN(U29,999999),0))*1000+24) | AV29: =IF(T29<>"",1,0) -> 0 | AW29: =IF(Z29=0,"",IF(AA29=1,"Cancelamento informado; ","")&IF(AE29=1,"Campos essenciais ou itens faltando; ","")&IF(AC29=1,"Possível duplicidade do número; ","")&IF(AD29=1,"Cadastro ou datas a revisar; ","")&IF(AF29>0,"Item de resíduo com dado a revisar; ","")&IF(AH29>0,"Diferença de quantidade a analisar; ","")&IF(AK29>0,"Recebimento com alerta; ","")&IF(AL29>0,"Vínculo de CDF com alerta; ","")&IF(AND(AA29=0,AN29=0),"Recebimento não confirmado; ","")&IF(AND(AA29=0,AN29=1,AO29=0),"CDF pendente ou a conferir; ","")) | AX29: =IF(Z29=0,0,IF(AND(OR(f_ini="",AND(ISNUMBER(E29),E29>=f_ini)),OR(f_fim="",AND(ISNUMBER(E29),E29<=f_fim)),OR(f_un="",f_un="(Todas)",G29=f_un),OR(f_tr="",f_tr="(Todos)",H29=f_tr),OR(f_de="",f_de="(Todos)",I29=f_de),OR(f_sit="",f_sit="(Todas)",S29=f_sit)),1,0)) -> 0 | AY29: =IF(AX29=0,0,IF(OR(f_res="",f_res="(Todos)"),1,IF(COUNTIFS('ITENS_MTR'!$S$6:$S$1005,A29,'ITENS_MTR'!$C$6:$C$1005,f_res)>0,1,0))) -> 0 | AZ29: =IF(ISNUMBER(E29),DATE(YEAR(E29),MONTH(E29),1),"") | BA29: =IF(Z29=0,0,IF(AND(OR(r_ini="",AND(ISNUMBER(E29),E29>=r_ini)),OR(r_fim="",AND(ISNUMBER(E29),E29<=r_fim)),OR(r_un="",r_un="(Todas)",G29=r_un),OR(r_de="",r_de="(Todos)",I29=r_de)),1,0)) -> 0 | BB29: =IF(BA29=1,COUNTIF($BA$6:BA29,1),"") | BC29: =IF(AND(AU29<>"",OR(r_un="",r_un="(Todas)",G29=r_un),OR(r_de="",r_de="(Todos)",I29=r_de)),AU29,"") | BD29: =IF(Z29=1,A29&" | nº "&IF(B29="","(sem número)",B29)&" | "&IF(G29="","(sem unidade)",G29),"") | BE29: =IF(Z29=1,COUNTIF($Z$6:Z29,1),"") | BF29: =IF(T29="","",IF(T29="RECEBIMENTO NÃO CONFIRMADO","Transp.: "&H29&" | Dest.: "&I29,IF(OR(T29="CDF NÃO LOCALIZADO",T29="VÍNCULO INCOMPLETO",T29="CDF A CONFERIR"),"Dest.: "&I29,"Gerador: "&G29)))
A30: MTR-000025 | P30: =IF(Z30=0,"",SUMIFS('ITENS_MTR'!$I$6:$I$1005,'ITENS_MTR'!$S$6:$S$1005,A30,'ITENS_MTR'!$Y$6:$Y$1005,1)) | Q30: =IF(Z30=0,"",SUMIFS('RECEBIMENTOS'!$H$6:$H$1005,'RECEBIMENTOS'!$B$6:$B$1005,A30,'RECEBIMENTOS'!$X$6:$X$1005,1)) | R30: =IF(Z30=0,"",SUMIFS('VÍNCULOS_CDF'!$H$6:$H$1005,'VÍNCULOS_CDF'!$D$6:$D$1005,A30,'VÍNCULOS_CDF'!$V$6:$V$1005,1)) | S30: =IF(Z30=0,"",IF(AA30=1,"Cancelado (informado)",IF(AE30=1,"Cadastro incompleto",IF(OR(AC30=1,AD30=1,AF30>0,AH30>0,AK30>0,AL30>0),"Informação a revisar",IF(AN30=0,"Aguardando recebimento",IF(N(R30)=0,"Aguardando CDF",IF(AJ30<N(W30),"Vínculo de CDF parcial",IF(AO30=0,"CDF localizado, a conferir","Documentação conferida")))))))) | T30: =IF(Z30=0,"",IF(S30="Cadastro incompleto","MTR INCOMPLETO",IF(S30="Informação a revisar",IF(AND(AH30>0,AC30=0,AD30=0,AF30=0,AK30=0,AL30=0),"QUANTIDADE A REVISAR","IDENTIFICAÇÃO A REVISAR"),IF(S30="Aguardando recebimento","RECEBIMENTO NÃO CONFIRMADO",IF(S30="Aguardando CDF","CDF NÃO LOCALIZADO",IF(S30="Vínculo de CDF parcial","VÍNCULO INCOMPLETO",IF(S30="CDF localizado, a conferir","CDF A CONFERIR",""))))))) | U30: =IF(T30="","",IF(AQ30="","Não calculável",IF(AQ30>TODAY(),"Data futura",TODAY()-AQ30))) | V30: =IF(Z30=0,"",SUMIFS('RECEBIMENTOS'!$H$6:$H$1005,'RECEBIMENTOS'!$B$6:$B$1005,A30,'RECEBIMENTOS'!$Z$6:$Z$1005,1)) | W30: =IF(Z30=0,"",COUNTIFS('ITENS_MTR'!$S$6:$S$1005,A30,'ITENS_MTR'!$R$6:$R$1005,1)) | X30: =IF(AC30=1,"POSSÍVEL DUPLICIDADE","") | Y30: =IF(Z30=0,"",IF(AW30="","Nenhuma",LEFT(AW30,LEN(AW30)-2))) | Z30: =IF(COUNTA(B30:O30)>0,1,0) -> 0 | AA30: =IF(AND(Z30=1,K30<>""),IF(TRIM(K30)=TRIM(cfg_cancel),1,0),0) -> 0 | AB30: =IF(AND(Z30=1,B30<>""),C30&"|"&D30&"|"&G30&"|"&TRIM(B30),"") | AC30: =IF(AB30="",0,IF(SUMPRODUCT(--($AB$6:$AB$505=AB30))>1,1,0)) -> 0 | AD30: =IF(Z30=0,0,IF(OR(AND(G30<>"",ISNA(MATCH(G30,'CAD_UNIDADES'!$C$6:$C$105,0))),AND(H30<>"",ISNA(MATCH(H30,cmp_transp,0))),AND(I30<>"",ISNA(MATCH(I30,cmp_dest,0))),AND(E30<>"",NOT(ISNUMBER(E30))),AND(F30<>"",NOT(ISNUMBER(F30))),AND(ISNUMBER(E30),ISNUMBER(F30),F30<E30)),1,0)) -> 0 | AE30: =IF(Z30=0,0,IF(OR(B30="",C30="",E30="",G30="",H30="",I30="",N(W30)=0),1,0)) -> 0 | AF30: =IF(Z30=0,0,COUNTIFS('ITENS_MTR'!$S$6:$S$1005,A30,'ITENS_MTR'!$AI$6:$AI$1005,1)) -> 0 | AG30: =IF(Z30=0,0,COUNTIFS('ITENS_MTR'!$S$6:$S$1005,A30,'ITENS_MTR'!$AJ$6:$AJ$1005,1)) -> 0 | AH30: =IF(Z30=0,0,COUNTIFS('ITENS_MTR'!$S$6:$S$1005,A30,'ITENS_MTR'!$AM$6:$AM$1005,1)) -> 0 | AI30: =IF(Z30=0,0,COUNTIFS('ITENS_MTR'!$S$6:$S$1005,A30,'ITENS_MTR'!$AO$6:$AO$1005,1)) -> 0 | AJ30: =IF(Z30=0,0,COUNTIFS('ITENS_MTR'!$S$6:$S$1005,A30,'ITENS_MTR'!$AN$6:$AN$1005,1)) -> 0 | AK30: =IF(Z30=0,0,COUNTIFS('RECEBIMENTOS'!$B$6:$B$1005,A30,'RECEBIMENTOS'!$Y$6:$Y$1005,1)) -> 0 | AL30: =IF(Z30=0,0,COUNTIFS('VÍNCULOS_CDF'!$D$6:$D$1005,A30,'VÍNCULOS_CDF'!$Y$6:$Y$1005,1)) -> 0 | AM30: =IF(Z30=0,0,COUNTIFS('RECEBIMENTOS'!$B$6:$B$1005,A30,'RECEBIMENTOS'!$Q$6:$Q$1005,1)) -> 0 | AN30: =IF(AND(Z30=1,N(W30)>0,AG30=N(W30)),1,0) -> 0 | AO30: =IF(AND(Z30=1,N(W30)>0,AI30=N(W30)),1,0) -> 0 | AP30: =IF(Z30=0,0,_xlfn.MAXIFS('RECEBIMENTOS'!$E$6:$E$1005,'RECEBIMENTOS'!$B$6:$B$1005,A30)) -> 0 | AQ30: =IF(T30="","",IF(T30="RECEBIMENTO NÃO CONFIRMADO",IF(ISNUMBER(F30),F30,IF(ISNUMBER(E30),E30,"")),IF(OR(T30="CDF NÃO LOCALIZADO",T30="VÍNCULO INCOMPLETO",T30="CDF A CONFERIR"),IF(AP30>0,AP30,IF(ISNUMBER(E30),E30,"")),IF(ISNUMBER(E30),E30,"")))) | AR30: =IF(NOT(ISNUMBER(U30)),0,IF(T30="RECEBIMENTO NÃO CONFIRMADO",IF(AND(ISNUMBER(cfg_rec),U30>cfg_rec),1,0),IF(OR(T30="CDF NÃO LOCALIZADO",T30="VÍNCULO INCOMPLETO",T30="CDF A CONFERIR"),IF(AND(ISNUMBER(cfg_cdf),U30>cfg_cdf),1,0),0))) -> 0 | AS30: =IF(T30="","",IF(AR30=1,"Alta",IFERROR(INDEX(cfg_pp,MATCH(T30,cfg_pt,0))&"","Média"))) | AT30: =IF(T30="","",IFERROR(INDEX(cfg_pv,MATCH(T30,cfg_pt,0))&"","")) | AU30: =IF(T30="","",IF(AS30="Alta",1,IF(AS30="Média",2,3))*1000000000+(999999-IF(ISNUMBER(U30),MIN(U30,999999),0))*1000+25) | AV30: =IF(T30<>"",1,0) -> 0 | AW30: =IF(Z30=0,"",IF(AA30=1,"Cancelamento informado; ","")&IF(AE30=1,"Campos essenciais ou itens faltando; ","")&IF(AC30=1,"Possível duplicidade do número; ","")&IF(AD30=1,"Cadastro ou datas a revisar; ","")&IF(AF30>0,"Item de resíduo com dado a revisar; ","")&IF(AH30>0,"Diferença de quantidade a analisar; ","")&IF(AK30>0,"Recebimento com alerta; ","")&IF(AL30>0,"Vínculo de CDF com alerta; ","")&IF(AND(AA30=0,AN30=0),"Recebimento não confirmado; ","")&IF(AND(AA30=0,AN30=1,AO30=0),"CDF pendente ou a conferir; ","")) | AX30: =IF(Z30=0,0,IF(AND(OR(f_ini="",AND(ISNUMBER(E30),E30>=f_ini)),OR(f_fim="",AND(ISNUMBER(E30),E30<=f_fim)),OR(f_un="",f_un="(Todas)",G30=f_un),OR(f_tr="",f_tr="(Todos)",H30=f_tr),OR(f_de="",f_de="(Todos)",I30=f_de),OR(f_sit="",f_sit="(Todas)",S30=f_sit)),1,0)) -> 0 | AY30: =IF(AX30=0,0,IF(OR(f_res="",f_res="(Todos)"),1,IF(COUNTIFS('ITENS_MTR'!$S$6:$S$1005,A30,'ITENS_MTR'!$C$6:$C$1005,f_res)>0,1,0))) -> 0 | AZ30: =IF(ISNUMBER(E30),DATE(YEAR(E30),MONTH(E30),1),"") | BA30: =IF(Z30=0,0,IF(AND(OR(r_ini="",AND(ISNUMBER(E30),E30>=r_ini)),OR(r_fim="",AND(ISNUMBER(E30),E30<=r_fim)),OR(r_un="",r_un="(Todas)",G30=r_un),OR(r_de="",r_de="(Todos)",I30=r_de)),1,0)) -> 0 | BB30: =IF(BA30=1,COUNTIF($BA$6:BA30,1),"") | BC30: =IF(AND(AU30<>"",OR(r_un="",r_un="(Todas)",G30=r_un),OR(r_de="",r_de="(Todos)",I30=r_de)),AU30,"") | BD30: =IF(Z30=1,A30&" | nº "&IF(B30="","(sem número)",B30)&" | "&IF(G30="","(sem unidade)",G30),"") | BE30: =IF(Z30=1,COUNTIF($Z$6:Z30,1),"") | BF30: =IF(T30="","",IF(T30="RECEBIMENTO NÃO CONFIRMADO","Transp.: "&H30&" | Dest.: "&I30,IF(OR(T30="CDF NÃO LOCALIZADO",T30="VÍNCULO INCOMPLETO",T30="CDF A CONFERIR"),"Dest.: "&I30,"Gerador: "&G30)))
A31: MTR-000026 | P31: =IF(Z31=0,"",SUMIFS('ITENS_MTR'!$I$6:$I$1005,'ITENS_MTR'!$S$6:$S$1005,A31,'ITENS_MTR'!$Y$6:$Y$1005,1)) | Q31: =IF(Z31=0,"",SUMIFS('RECEBIMENTOS'!$H$6:$H$1005,'RECEBIMENTOS'!$B$6:$B$1005,A31,'RECEBIMENTOS'!$X$6:$X$1005,1)) | R31: =IF(Z31=0,"",SUMIFS('VÍNCULOS_CDF'!$H$6:$H$1005,'VÍNCULOS_CDF'!$D$6:$D$1005,A31,'VÍNCULOS_CDF'!$V$6:$V$1005,1)) | S31: =IF(Z31=0,"",IF(AA31=1,"Cancelado (informado)",IF(AE31=1,"Cadastro incompleto",IF(OR(AC31=1,AD31=1,AF31>0,AH31>0,AK31>0,AL31>0),"Informação a revisar",IF(AN31=0,"Aguardando recebimento",IF(N(R31)=0,"Aguardando CDF",IF(AJ31<N(W31),"Vínculo de CDF parcial",IF(AO31=0,"CDF localizado, a conferir","Documentação conferida")))))))) | T31: =IF(Z31=0,"",IF(S31="Cadastro incompleto","MTR INCOMPLETO",IF(S31="Informação a revisar",IF(AND(AH31>0,AC31=0,AD31=0,AF31=0,AK31=0,AL31=0),"QUANTIDADE A REVISAR","IDENTIFICAÇÃO A REVISAR"),IF(S31="Aguardando recebimento","RECEBIMENTO NÃO CONFIRMADO",IF(S31="Aguardando CDF","CDF NÃO LOCALIZADO",IF(S31="Vínculo de CDF parcial","VÍNCULO INCOMPLETO",IF(S31="CDF localizado, a conferir","CDF A CONFERIR",""))))))) | U31: =IF(T31="","",IF(AQ31="","Não calculável",IF(AQ31>TODAY(),"Data futura",TODAY()-AQ31))) | V31: =IF(Z31=0,"",SUMIFS('RECEBIMENTOS'!$H$6:$H$1005,'RECEBIMENTOS'!$B$6:$B$1005,A31,'RECEBIMENTOS'!$Z$6:$Z$1005,1)) | W31: =IF(Z31=0,"",COUNTIFS('ITENS_MTR'!$S$6:$S$1005,A31,'ITENS_MTR'!$R$6:$R$1005,1)) | X31: =IF(AC31=1,"POSSÍVEL DUPLICIDADE","") | Y31: =IF(Z31=0,"",IF(AW31="","Nenhuma",LEFT(AW31,LEN(AW31)-2))) | Z31: =IF(COUNTA(B31:O31)>0,1,0) -> 0 | AA31: =IF(AND(Z31=1,K31<>""),IF(TRIM(K31)=TRIM(cfg_cancel),1,0),0) -> 0 | AB31: =IF(AND(Z31=1,B31<>""),C31&"|"&D31&"|"&G31&"|"&TRIM(B31),"") | AC31: =IF(AB31="",0,IF(SUMPRODUCT(--($AB$6:$AB$505=AB31))>1,1,0)) -> 0 | AD31: =IF(Z31=0,0,IF(OR(AND(G31<>"",ISNA(MATCH(G31,'CAD_UNIDADES'!$C$6:$C$105,0))),AND(H31<>"",ISNA(MATCH(H31,cmp_transp,0))),AND(I31<>"",ISNA(MATCH(I31,cmp_dest,0))),AND(E31<>"",NOT(ISNUMBER(E31))),AND(F31<>"",NOT(ISNUMBER(F31))),AND(ISNUMBER(E31),ISNUMBER(F31),F31<E31)),1,0)) -> 0 | AE31: =IF(Z31=0,0,IF(OR(B31="",C31="",E31="",G31="",H31="",I31="",N(W31)=0),1,0)) -> 0 | AF31: =IF(Z31=0,0,COUNTIFS('ITENS_MTR'!$S$6:$S$1005,A31,'ITENS_MTR'!$AI$6:$AI$1005,1)) -> 0 | AG31: =IF(Z31=0,0,COUNTIFS('ITENS_MTR'!$S$6:$S$1005,A31,'ITENS_MTR'!$AJ$6:$AJ$1005,1)) -> 0 | AH31: =IF(Z31=0,0,COUNTIFS('ITENS_MTR'!$S$6:$S$1005,A31,'ITENS_MTR'!$AM$6:$AM$1005,1)) -> 0 | AI31: =IF(Z31=0,0,COUNTIFS('ITENS_MTR'!$S$6:$S$1005,A31,'ITENS_MTR'!$AO$6:$AO$1005,1)) -> 0 | AJ31: =IF(Z31=0,0,COUNTIFS('ITENS_MTR'!$S$6:$S$1005,A31,'ITENS_MTR'!$AN$6:$AN$1005,1)) -> 0 | AK31: =IF(Z31=0,0,COUNTIFS('RECEBIMENTOS'!$B$6:$B$1005,A31,'RECEBIMENTOS'!$Y$6:$Y$1005,1)) -> 0 | AL31: =IF(Z31=0,0,COUNTIFS('VÍNCULOS_CDF'!$D$6:$D$1005,A31,'VÍNCULOS_CDF'!$Y$6:$Y$1005,1)) -> 0 | AM31: =IF(Z31=0,0,COUNTIFS('RECEBIMENTOS'!$B$6:$B$1005,A31,'RECEBIMENTOS'!$Q$6:$Q$1005,1)) -> 0 | AN31: =IF(AND(Z31=1,N(W31)>0,AG31=N(W31)),1,0) -> 0 | AO31: =IF(AND(Z31=1,N(W31)>0,AI31=N(W31)),1,0) -> 0 | AP31: =IF(Z31=0,0,_xlfn.MAXIFS('RECEBIMENTOS'!$E$6:$E$1005,'RECEBIMENTOS'!$B$6:$B$1005,A31)) -> 0 | AQ31: =IF(T31="","",IF(T31="RECEBIMENTO NÃO CONFIRMADO",IF(ISNUMBER(F31),F31,IF(ISNUMBER(E31),E31,"")),IF(OR(T31="CDF NÃO LOCALIZADO",T31="VÍNCULO INCOMPLETO",T31="CDF A CONFERIR"),IF(AP31>0,AP31,IF(ISNUMBER(E31),E31,"")),IF(ISNUMBER(E31),E31,"")))) | AR31: =IF(NOT(ISNUMBER(U31)),0,IF(T31="RECEBIMENTO NÃO CONFIRMADO",IF(AND(ISNUMBER(cfg_rec),U31>cfg_rec),1,0),IF(OR(T31="CDF NÃO LOCALIZADO",T31="VÍNCULO INCOMPLETO",T31="CDF A CONFERIR"),IF(AND(ISNUMBER(cfg_cdf),U31>cfg_cdf),1,0),0))) -> 0 | AS31: =IF(T31="","",IF(AR31=1,"Alta",IFERROR(INDEX(cfg_pp,MATCH(T31,cfg_pt,0))&"","Média"))) | AT31: =IF(T31="","",IFERROR(INDEX(cfg_pv,MATCH(T31,cfg_pt,0))&"","")) | AU31: =IF(T31="","",IF(AS31="Alta",1,IF(AS31="Média",2,3))*1000000000+(999999-IF(ISNUMBER(U31),MIN(U31,999999),0))*1000+26) | AV31: =IF(T31<>"",1,0) -> 0 | AW31: =IF(Z31=0,"",IF(AA31=1,"Cancelamento informado; ","")&IF(AE31=1,"Campos essenciais ou itens faltando; ","")&IF(AC31=1,"Possível duplicidade do número; ","")&IF(AD31=1,"Cadastro ou datas a revisar; ","")&IF(AF31>0,"Item de resíduo com dado a revisar; ","")&IF(AH31>0,"Diferença de quantidade a analisar; ","")&IF(AK31>0,"Recebimento com alerta; ","")&IF(AL31>0,"Vínculo de CDF com alerta; ","")&IF(AND(AA31=0,AN31=0),"Recebimento não confirmado; ","")&IF(AND(AA31=0,AN31=1,AO31=0),"CDF pendente ou a conferir; ","")) | AX31: =IF(Z31=0,0,IF(AND(OR(f_ini="",AND(ISNUMBER(E31),E31>=f_ini)),OR(f_fim="",AND(ISNUMBER(E31),E31<=f_fim)),OR(f_un="",f_un="(Todas)",G31=f_un),OR(f_tr="",f_tr="(Todos)",H31=f_tr),OR(f_de="",f_de="(Todos)",I31=f_de),OR(f_sit="",f_sit="(Todas)",S31=f_sit)),1,0)) -> 0 | AY31: =IF(AX31=0,0,IF(OR(f_res="",f_res="(Todos)"),1,IF(COUNTIFS('ITENS_MTR'!$S$6:$S$1005,A31,'ITENS_MTR'!$C$6:$C$1005,f_res)>0,1,0))) -> 0 | AZ31: =IF(ISNUMBER(E31),DATE(YEAR(E31),MONTH(E31),1),"") | BA31: =IF(Z31=0,0,IF(AND(OR(r_ini="",AND(ISNUMBER(E31),E31>=r_ini)),OR(r_fim="",AND(ISNUMBER(E31),E31<=r_fim)),OR(r_un="",r_un="(Todas)",G31=r_un),OR(r_de="",r_de="(Todos)",I31=r_de)),1,0)) -> 0 | BB31: =IF(BA31=1,COUNTIF($BA$6:BA31,1),"") | BC31: =IF(AND(AU31<>"",OR(r_un="",r_un="(Todas)",G31=r_un),OR(r_de="",r_de="(Todos)",I31=r_de)),AU31,"") | BD31: =IF(Z31=1,A31&" | nº "&IF(B31="","(sem número)",B31)&" | "&IF(G31="","(sem unidade)",G31),"") | BE31: =IF(Z31=1,COUNTIF($Z$6:Z31,1),"") | BF31: =IF(T31="","",IF(T31="RECEBIMENTO NÃO CONFIRMADO","Transp.: "&H31&" | Dest.: "&I31,IF(OR(T31="CDF NÃO LOCALIZADO",T31="VÍNCULO INCOMPLETO",T31="CDF A CONFERIR"),"Dest.: "&I31,"Gerador: "&G31)))
A32: MTR-000027 | P32: =IF(Z32=0,"",SUMIFS('ITENS_MTR'!$I$6:$I$1005,'ITENS_MTR'!$S$6:$S$1005,A32,'ITENS_MTR'!$Y$6:$Y$1005,1)) | Q32: =IF(Z32=0,"",SUMIFS('RECEBIMENTOS'!$H$6:$H$1005,'RECEBIMENTOS'!$B$6:$B$1005,A32,'RECEBIMENTOS'!$X$6:$X$1005,1)) | R32: =IF(Z32=0,"",SUMIFS('VÍNCULOS_CDF'!$H$6:$H$1005,'VÍNCULOS_CDF'!$D$6:$D$1005,A32,'VÍNCULOS_CDF'!$V$6:$V$1005,1)) | S32: =IF(Z32=0,"",IF(AA32=1,"Cancelado (informado)",IF(AE32=1,"Cadastro incompleto",IF(OR(AC32=1,AD32=1,AF32>0,AH32>0,AK32>0,AL32>0),"Informação a revisar",IF(AN32=0,"Aguardando recebimento",IF(N(R32)=0,"Aguardando CDF",IF(AJ32<N(W32),"Vínculo de CDF parcial",IF(AO32=0,"CDF localizado, a conferir","Documentação conferida")))))))) | T32: =IF(Z32=0,"",IF(S32="Cadastro incompleto","MTR INCOMPLETO",IF(S32="Informação a revisar",IF(AND(AH32>0,AC32=0,AD32=0,AF32=0,AK32=0,AL32=0),"QUANTIDADE A REVISAR","IDENTIFICAÇÃO A REVISAR"),IF(S32="Aguardando recebimento","RECEBIMENTO NÃO CONFIRMADO",IF(S32="Aguardando CDF","CDF NÃO LOCALIZADO",IF(S32="Vínculo de CDF parcial","VÍNCULO INCOMPLETO",IF(S32="CDF localizado, a conferir","CDF A CONFERIR",""))))))) | U32: =IF(T32="","",IF(AQ32="","Não calculável",IF(AQ32>TODAY(),"Data futura",TODAY()-AQ32))) | V32: =IF(Z32=0,"",SUMIFS('RECEBIMENTOS'!$H$6:$H$1005,'RECEBIMENTOS'!$B$6:$B$1005,A32,'RECEBIMENTOS'!$Z$6:$Z$1005,1)) | W32: =IF(Z32=0,"",COUNTIFS('ITENS_MTR'!$S$6:$S$1005,A32,'ITENS_MTR'!$R$6:$R$1005,1)) | X32: =IF(AC32=1,"POSSÍVEL DUPLICIDADE","") | Y32: =IF(Z32=0,"",IF(AW32="","Nenhuma",LEFT(AW32,LEN(AW32)-2))) | Z32: =IF(COUNTA(B32:O32)>0,1,0) -> 0 | AA32: =IF(AND(Z32=1,K32<>""),IF(TRIM(K32)=TRIM(cfg_cancel),1,0),0) -> 0 | AB32: =IF(AND(Z32=1,B32<>""),C32&"|"&D32&"|"&G32&"|"&TRIM(B32),"") | AC32: =IF(AB32="",0,IF(SUMPRODUCT(--($AB$6:$AB$505=AB32))>1,1,0)) -> 0 | AD32: =IF(Z32=0,0,IF(OR(AND(G32<>"",ISNA(MATCH(G32,'CAD_UNIDADES'!$C$6:$C$105,0))),AND(H32<>"",ISNA(MATCH(H32,cmp_transp,0))),AND(I32<>"",ISNA(MATCH(I32,cmp_dest,0))),AND(E32<>"",NOT(ISNUMBER(E32))),AND(F32<>"",NOT(ISNUMBER(F32))),AND(ISNUMBER(E32),ISNUMBER(F32),F32<E32)),1,0)) -> 0 | AE32: =IF(Z32=0,0,IF(OR(B32="",C32="",E32="",G32="",H32="",I32="",N(W32)=0),1,0)) -> 0 | AF32: =IF(Z32=0,0,COUNTIFS('ITENS_MTR'!$S$6:$S$1005,A32,'ITENS_MTR'!$AI$6:$AI$1005,1)) -> 0 | AG32: =IF(Z32=0,0,COUNTIFS('ITENS_MTR'!$S$6:$S$1005,A32,'ITENS_MTR'!$AJ$6:$AJ$1005,1)) -> 0 | AH32: =IF(Z32=0,0,COUNTIFS('ITENS_MTR'!$S$6:$S$1005,A32,'ITENS_MTR'!$AM$6:$AM$1005,1)) -> 0 | AI32: =IF(Z32=0,0,COUNTIFS('ITENS_MTR'!$S$6:$S$1005,A32,'ITENS_MTR'!$AO$6:$AO$1005,1)) -> 0 | AJ32: =IF(Z32=0,0,COUNTIFS('ITENS_MTR'!$S$6:$S$1005,A32,'ITENS_MTR'!$AN$6:$AN$1005,1)) -> 0 | AK32: =IF(Z32=0,0,COUNTIFS('RECEBIMENTOS'!$B$6:$B$1005,A32,'RECEBIMENTOS'!$Y$6:$Y$1005,1)) -> 0 | AL32: =IF(Z32=0,0,COUNTIFS('VÍNCULOS_CDF'!$D$6:$D$1005,A32,'VÍNCULOS_CDF'!$Y$6:$Y$1005,1)) -> 0 | AM32: =IF(Z32=0,0,COUNTIFS('RECEBIMENTOS'!$B$6:$B$1005,A32,'RECEBIMENTOS'!$Q$6:$Q$1005,1)) -> 0 | AN32: =IF(AND(Z32=1,N(W32)>0,AG32=N(W32)),1,0) -> 0 | AO32: =IF(AND(Z32=1,N(W32)>0,AI32=N(W32)),1,0) -> 0 | AP32: =IF(Z32=0,0,_xlfn.MAXIFS('RECEBIMENTOS'!$E$6:$E$1005,'RECEBIMENTOS'!$B$6:$B$1005,A32)) -> 0 | AQ32: =IF(T32="","",IF(T32="RECEBIMENTO NÃO CONFIRMADO",IF(ISNUMBER(F32),F32,IF(ISNUMBER(E32),E32,"")),IF(OR(T32="CDF NÃO LOCALIZADO",T32="VÍNCULO INCOMPLETO",T32="CDF A CONFERIR"),IF(AP32>0,AP32,IF(ISNUMBER(E32),E32,"")),IF(ISNUMBER(E32),E32,"")))) | AR32: =IF(NOT(ISNUMBER(U32)),0,IF(T32="RECEBIMENTO NÃO CONFIRMADO",IF(AND(ISNUMBER(cfg_rec),U32>cfg_rec),1,0),IF(OR(T32="CDF NÃO LOCALIZADO",T32="VÍNCULO INCOMPLETO",T32="CDF A CONFERIR"),IF(AND(ISNUMBER(cfg_cdf),U32>cfg_cdf),1,0),0))) -> 0 | AS32: =IF(T32="","",IF(AR32=1,"Alta",IFERROR(INDEX(cfg_pp,MATCH(T32,cfg_pt,0))&"","Média"))) | AT32: =IF(T32="","",IFERROR(INDEX(cfg_pv,MATCH(T32,cfg_pt,0))&"","")) | AU32: =IF(T32="","",IF(AS32="Alta",1,IF(AS32="Média",2,3))*1000000000+(999999-IF(ISNUMBER(U32),MIN(U32,999999),0))*1000+27) | AV32: =IF(T32<>"",1,0) -> 0 | AW32: =IF(Z32=0,"",IF(AA32=1,"Cancelamento informado; ","")&IF(AE32=1,"Campos essenciais ou itens faltando; ","")&IF(AC32=1,"Possível duplicidade do número; ","")&IF(AD32=1,"Cadastro ou datas a revisar; ","")&IF(AF32>0,"Item de resíduo com dado a revisar; ","")&IF(AH32>0,"Diferença de quantidade a analisar; ","")&IF(AK32>0,"Recebimento com alerta; ","")&IF(AL32>0,"Vínculo de CDF com alerta; ","")&IF(AND(AA32=0,AN32=0),"Recebimento não confirmado; ","")&IF(AND(AA32=0,AN32=1,AO32=0),"CDF pendente ou a conferir; ","")) | AX32: =IF(Z32=0,0,IF(AND(OR(f_ini="",AND(ISNUMBER(E32),E32>=f_ini)),OR(f_fim="",AND(ISNUMBER(E32),E32<=f_fim)),OR(f_un="",f_un="(Todas)",G32=f_un),OR(f_tr="",f_tr="(Todos)",H32=f_tr),OR(f_de="",f_de="(Todos)",I32=f_de),OR(f_sit="",f_sit="(Todas)",S32=f_sit)),1,0)) -> 0 | AY32: =IF(AX32=0,0,IF(OR(f_res="",f_res="(Todos)"),1,IF(COUNTIFS('ITENS_MTR'!$S$6:$S$1005,A32,'ITENS_MTR'!$C$6:$C$1005,f_res)>0,1,0))) -> 0 | AZ32: =IF(ISNUMBER(E32),DATE(YEAR(E32),MONTH(E32),1),"") | BA32: =IF(Z32=0,0,IF(AND(OR(r_ini="",AND(ISNUMBER(E32),E32>=r_ini)),OR(r_fim="",AND(ISNUMBER(E32),E32<=r_fim)),OR(r_un="",r_un="(Todas)",G32=r_un),OR(r_de="",r_de="(Todos)",I32=r_de)),1,0)) -> 0 | BB32: =IF(BA32=1,COUNTIF($BA$6:BA32,1),"") | BC32: =IF(AND(AU32<>"",OR(r_un="",r_un="(Todas)",G32=r_un),OR(r_de="",r_de="(Todos)",I32=r_de)),AU32,"") | BD32: =IF(Z32=1,A32&" | nº "&IF(B32="","(sem número)",B32)&" | "&IF(G32="","(sem unidade)",G32),"") | BE32: =IF(Z32=1,COUNTIF($Z$6:Z32,1),"") | BF32: =IF(T32="","",IF(T32="RECEBIMENTO NÃO CONFIRMADO","Transp.: "&H32&" | Dest.: "&I32,IF(OR(T32="CDF NÃO LOCALIZADO",T32="VÍNCULO INCOMPLETO",T32="CDF A CONFERIR"),"Dest.: "&I32,"Gerador: "&G32)))
A33: MTR-000028 | P33: =IF(Z33=0,"",SUMIFS('ITENS_MTR'!$I$6:$I$1005,'ITENS_MTR'!$S$6:$S$1005,A33,'ITENS_MTR'!$Y$6:$Y$1005,1)) | Q33: =IF(Z33=0,"",SUMIFS('RECEBIMENTOS'!$H$6:$H$1005,'RECEBIMENTOS'!$B$6:$B$1005,A33,'RECEBIMENTOS'!$X$6:$X$1005,1)) | R33: =IF(Z33=0,"",SUMIFS('VÍNCULOS_CDF'!$H$6:$H$1005,'VÍNCULOS_CDF'!$D$6:$D$1005,A33,'VÍNCULOS_CDF'!$V$6:$V$1005,1)) | S33: =IF(Z33=0,"",IF(AA33=1,"Cancelado (informado)",IF(AE33=1,"Cadastro incompleto",IF(OR(AC33=1,AD33=1,AF33>0,AH33>0,AK33>0,AL33>0),"Informação a revisar",IF(AN33=0,"Aguardando recebimento",IF(N(R33)=0,"Aguardando CDF",IF(AJ33<N(W33),"Vínculo de CDF parcial",IF(AO33=0,"CDF localizado, a conferir","Documentação conferida")))))))) | T33: =IF(Z33=0,"",IF(S33="Cadastro incompleto","MTR INCOMPLETO",IF(S33="Informação a revisar",IF(AND(AH33>0,AC33=0,AD33=0,AF33=0,AK33=0,AL33=0),"QUANTIDADE A REVISAR","IDENTIFICAÇÃO A REVISAR"),IF(S33="Aguardando recebimento","RECEBIMENTO NÃO CONFIRMADO",IF(S33="Aguardando CDF","CDF NÃO LOCALIZADO",IF(S33="Vínculo de CDF parcial","VÍNCULO INCOMPLETO",IF(S33="CDF localizado, a conferir","CDF A CONFERIR",""))))))) | U33: =IF(T33="","",IF(AQ33="","Não calculável",IF(AQ33>TODAY(),"Data futura",TODAY()-AQ33))) | V33: =IF(Z33=0,"",SUMIFS('RECEBIMENTOS'!$H$6:$H$1005,'RECEBIMENTOS'!$B$6:$B$1005,A33,'RECEBIMENTOS'!$Z$6:$Z$1005,1)) | W33: =IF(Z33=0,"",COUNTIFS('ITENS_MTR'!$S$6:$S$1005,A33,'ITENS_MTR'!$R$6:$R$1005,1)) | X33: =IF(AC33=1,"POSSÍVEL DUPLICIDADE","") | Y33: =IF(Z33=0,"",IF(AW33="","Nenhuma",LEFT(AW33,LEN(AW33)-2))) | Z33: =IF(COUNTA(B33:O33)>0,1,0) -> 0 | AA33: =IF(AND(Z33=1,K33<>""),IF(TRIM(K33)=TRIM(cfg_cancel),1,0),0) -> 0 | AB33: =IF(AND(Z33=1,B33<>""),C33&"|"&D33&"|"&G33&"|"&TRIM(B33),"") | AC33: =IF(AB33="",0,IF(SUMPRODUCT(--($AB$6:$AB$505=AB33))>1,1,0)) -> 0 | AD33: =IF(Z33=0,0,IF(OR(AND(G33<>"",ISNA(MATCH(G33,'CAD_UNIDADES'!$C$6:$C$105,0))),AND(H33<>"",ISNA(MATCH(H33,cmp_transp,0))),AND(I33<>"",ISNA(MATCH(I33,cmp_dest,0))),AND(E33<>"",NOT(ISNUMBER(E33))),AND(F33<>"",NOT(ISNUMBER(F33))),AND(ISNUMBER(E33),ISNUMBER(F33),F33<E33)),1,0)) -> 0 | AE33: =IF(Z33=0,0,IF(OR(B33="",C33="",E33="",G33="",H33="",I33="",N(W33)=0),1,0)) -> 0 | AF33: =IF(Z33=0,0,COUNTIFS('ITENS_MTR'!$S$6:$S$1005,A33,'ITENS_MTR'!$AI$6:$AI$1005,1)) -> 0 | AG33: =IF(Z33=0,0,COUNTIFS('ITENS_MTR'!$S$6:$S$1005,A33,'ITENS_MTR'!$AJ$6:$AJ$1005,1)) -> 0 | AH33: =IF(Z33=0,0,COUNTIFS('ITENS_MTR'!$S$6:$S$1005,A33,'ITENS_MTR'!$AM$6:$AM$1005,1)) -> 0 | AI33: =IF(Z33=0,0,COUNTIFS('ITENS_MTR'!$S$6:$S$1005,A33,'ITENS_MTR'!$AO$6:$AO$1005,1)) -> 0 | AJ33: =IF(Z33=0,0,COUNTIFS('ITENS_MTR'!$S$6:$S$1005,A33,'ITENS_MTR'!$AN$6:$AN$1005,1)) -> 0 | AK33: =IF(Z33=0,0,COUNTIFS('RECEBIMENTOS'!$B$6:$B$1005,A33,'RECEBIMENTOS'!$Y$6:$Y$1005,1)) -> 0 | AL33: =IF(Z33=0,0,COUNTIFS('VÍNCULOS_CDF'!$D$6:$D$1005,A33,'VÍNCULOS_CDF'!$Y$6:$Y$1005,1)) -> 0 | AM33: =IF(Z33=0,0,COUNTIFS('RECEBIMENTOS'!$B$6:$B$1005,A33,'RECEBIMENTOS'!$Q$6:$Q$1005,1)) -> 0 | AN33: =IF(AND(Z33=1,N(W33)>0,AG33=N(W33)),1,0) -> 0 | AO33: =IF(AND(Z33=1,N(W33)>0,AI33=N(W33)),1,0) -> 0 | AP33: =IF(Z33=0,0,_xlfn.MAXIFS('RECEBIMENTOS'!$E$6:$E$1005,'RECEBIMENTOS'!$B$6:$B$1005,A33)) -> 0 | AQ33: =IF(T33="","",IF(T33="RECEBIMENTO NÃO CONFIRMADO",IF(ISNUMBER(F33),F33,IF(ISNUMBER(E33),E33,"")),IF(OR(T33="CDF NÃO LOCALIZADO",T33="VÍNCULO INCOMPLETO",T33="CDF A CONFERIR"),IF(AP33>0,AP33,IF(ISNUMBER(E33),E33,"")),IF(ISNUMBER(E33),E33,"")))) | AR33: =IF(NOT(ISNUMBER(U33)),0,IF(T33="RECEBIMENTO NÃO CONFIRMADO",IF(AND(ISNUMBER(cfg_rec),U33>cfg_rec),1,0),IF(OR(T33="CDF NÃO LOCALIZADO",T33="VÍNCULO INCOMPLETO",T33="CDF A CONFERIR"),IF(AND(ISNUMBER(cfg_cdf),U33>cfg_cdf),1,0),0))) -> 0 | AS33: =IF(T33="","",IF(AR33=1,"Alta",IFERROR(INDEX(cfg_pp,MATCH(T33,cfg_pt,0))&"","Média"))) | AT33: =IF(T33="","",IFERROR(INDEX(cfg_pv,MATCH(T33,cfg_pt,0))&"","")) | AU33: =IF(T33="","",IF(AS33="Alta",1,IF(AS33="Média",2,3))*1000000000+(999999-IF(ISNUMBER(U33),MIN(U33,999999),0))*1000+28) | AV33: =IF(T33<>"",1,0) -> 0 | AW33: =IF(Z33=0,"",IF(AA33=1,"Cancelamento informado; ","")&IF(AE33=1,"Campos essenciais ou itens faltando; ","")&IF(AC33=1,"Possível duplicidade do número; ","")&IF(AD33=1,"Cadastro ou datas a revisar; ","")&IF(AF33>0,"Item de resíduo com dado a revisar; ","")&IF(AH33>0,"Diferença de quantidade a analisar; ","")&IF(AK33>0,"Recebimento com alerta; ","")&IF(AL33>0,"Vínculo de CDF com alerta; ","")&IF(AND(AA33=0,AN33=0),"Recebimento não confirmado; ","")&IF(AND(AA33=0,AN33=1,AO33=0),"CDF pendente ou a conferir; ","")) | AX33: =IF(Z33=0,0,IF(AND(OR(f_ini="",AND(ISNUMBER(E33),E33>=f_ini)),OR(f_fim="",AND(ISNUMBER(E33),E33<=f_fim)),OR(f_un="",f_un="(Todas)",G33=f_un),OR(f_tr="",f_tr="(Todos)",H33=f_tr),OR(f_de="",f_de="(Todos)",I33=f_de),OR(f_sit="",f_sit="(Todas)",S33=f_sit)),1,0)) -> 0 | AY33: =IF(AX33=0,0,IF(OR(f_res="",f_res="(Todos)"),1,IF(COUNTIFS('ITENS_MTR'!$S$6:$S$1005,A33,'ITENS_MTR'!$C$6:$C$1005,f_res)>0,1,0))) -> 0 | AZ33: =IF(ISNUMBER(E33),DATE(YEAR(E33),MONTH(E33),1),"") | BA33: =IF(Z33=0,0,IF(AND(OR(r_ini="",AND(ISNUMBER(E33),E33>=r_ini)),OR(r_fim="",AND(ISNUMBER(E33),E33<=r_fim)),OR(r_un="",r_un="(Todas)",G33=r_un),OR(r_de="",r_de="(Todos)",I33=r_de)),1,0)) -> 0 | BB33: =IF(BA33=1,COUNTIF($BA$6:BA33,1),"") | BC33: =IF(AND(AU33<>"",OR(r_un="",r_un="(Todas)",G33=r_un),OR(r_de="",r_de="(Todos)",I33=r_de)),AU33,"") | BD33: =IF(Z33=1,A33&" | nº "&IF(B33="","(sem número)",B33)&" | "&IF(G33="","(sem unidade)",G33),"") | BE33: =IF(Z33=1,COUNTIF($Z$6:Z33,1),"") | BF33: =IF(T33="","",IF(T33="RECEBIMENTO NÃO CONFIRMADO","Transp.: "&H33&" | Dest.: "&I33,IF(OR(T33="CDF NÃO LOCALIZADO",T33="VÍNCULO INCOMPLETO",T33="CDF A CONFERIR"),"Dest.: "&I33,"Gerador: "&G33)))
A34: MTR-000029 | P34: =IF(Z34=0,"",SUMIFS('ITENS_MTR'!$I$6:$I$1005,'ITENS_MTR'!$S$6:$S$1005,A34,'ITENS_MTR'!$Y$6:$Y$1005,1)) | Q34: =IF(Z34=0,"",SUMIFS('RECEBIMENTOS'!$H$6:$H$1005,'RECEBIMENTOS'!$B$6:$B$1005,A34,'RECEBIMENTOS'!$X$6:$X$1005,1)) | R34: =IF(Z34=0,"",SUMIFS('VÍNCULOS_CDF'!$H$6:$H$1005,'VÍNCULOS_CDF'!$D$6:$D$1005,A34,'VÍNCULOS_CDF'!$V$6:$V$1005,1)) | S34: =IF(Z34=0,"",IF(AA34=1,"Cancelado (informado)",IF(AE34=1,"Cadastro incompleto",IF(OR(AC34=1,AD34=1,AF34>0,AH34>0,AK34>0,AL34>0),"Informação a revisar",IF(AN34=0,"Aguardando recebimento",IF(N(R34)=0,"Aguardando CDF",IF(AJ34<N(W34),"Vínculo de CDF parcial",IF(AO34=0,"CDF localizado, a conferir","Documentação conferida")))))))) | T34: =IF(Z34=0,"",IF(S34="Cadastro incompleto","MTR INCOMPLETO",IF(S34="Informação a revisar",IF(AND(AH34>0,AC34=0,AD34=0,AF34=0,AK34=0,AL34=0),"QUANTIDADE A REVISAR","IDENTIFICAÇÃO A REVISAR"),IF(S34="Aguardando recebimento","RECEBIMENTO NÃO CONFIRMADO",IF(S34="Aguardando CDF","CDF NÃO LOCALIZADO",IF(S34="Vínculo de CDF parcial","VÍNCULO INCOMPLETO",IF(S34="CDF localizado, a conferir","CDF A CONFERIR",""))))))) | U34: =IF(T34="","",IF(AQ34="","Não calculável",IF(AQ34>TODAY(),"Data futura",TODAY()-AQ34))) | V34: =IF(Z34=0,"",SUMIFS('RECEBIMENTOS'!$H$6:$H$1005,'RECEBIMENTOS'!$B$6:$B$1005,A34,'RECEBIMENTOS'!$Z$6:$Z$1005,1)) | W34: =IF(Z34=0,"",COUNTIFS('ITENS_MTR'!$S$6:$S$1005,A34,'ITENS_MTR'!$R$6:$R$1005,1)) | X34: =IF(AC34=1,"POSSÍVEL DUPLICIDADE","") | Y34: =IF(Z34=0,"",IF(AW34="","Nenhuma",LEFT(AW34,LEN(AW34)-2))) | Z34: =IF(COUNTA(B34:O34)>0,1,0) -> 0 | AA34: =IF(AND(Z34=1,K34<>""),IF(TRIM(K34)=TRIM(cfg_cancel),1,0),0) -> 0 | AB34: =IF(AND(Z34=1,B34<>""),C34&"|"&D34&"|"&G34&"|"&TRIM(B34),"") | AC34: =IF(AB34="",0,IF(SUMPRODUCT(--($AB$6:$AB$505=AB34))>1,1,0)) -> 0 | AD34: =IF(Z34=0,0,IF(OR(AND(G34<>"",ISNA(MATCH(G34,'CAD_UNIDADES'!$C$6:$C$105,0))),AND(H34<>"",ISNA(MATCH(H34,cmp_transp,0))),AND(I34<>"",ISNA(MATCH(I34,cmp_dest,0))),AND(E34<>"",NOT(ISNUMBER(E34))),AND(F34<>"",NOT(ISNUMBER(F34))),AND(ISNUMBER(E34),ISNUMBER(F34),F34<E34)),1,0)) -> 0 | AE34: =IF(Z34=0,0,IF(OR(B34="",C34="",E34="",G34="",H34="",I34="",N(W34)=0),1,0)) -> 0 | AF34: =IF(Z34=0,0,COUNTIFS('ITENS_MTR'!$S$6:$S$1005,A34,'ITENS_MTR'!$AI$6:$AI$1005,1)) -> 0 | AG34: =IF(Z34=0,0,COUNTIFS('ITENS_MTR'!$S$6:$S$1005,A34,'ITENS_MTR'!$AJ$6:$AJ$1005,1)) -> 0 | AH34: =IF(Z34=0,0,COUNTIFS('ITENS_MTR'!$S$6:$S$1005,A34,'ITENS_MTR'!$AM$6:$AM$1005,1)) -> 0 | AI34: =IF(Z34=0,0,COUNTIFS('ITENS_MTR'!$S$6:$S$1005,A34,'ITENS_MTR'!$AO$6:$AO$1005,1)) -> 0 | AJ34: =IF(Z34=0,0,COUNTIFS('ITENS_MTR'!$S$6:$S$1005,A34,'ITENS_MTR'!$AN$6:$AN$1005,1)) -> 0 | AK34: =IF(Z34=0,0,COUNTIFS('RECEBIMENTOS'!$B$6:$B$1005,A34,'RECEBIMENTOS'!$Y$6:$Y$1005,1)) -> 0 | AL34: =IF(Z34=0,0,COUNTIFS('VÍNCULOS_CDF'!$D$6:$D$1005,A34,'VÍNCULOS_CDF'!$Y$6:$Y$1005,1)) -> 0 | AM34: =IF(Z34=0,0,COUNTIFS('RECEBIMENTOS'!$B$6:$B$1005,A34,'RECEBIMENTOS'!$Q$6:$Q$1005,1)) -> 0 | AN34: =IF(AND(Z34=1,N(W34)>0,AG34=N(W34)),1,0) -> 0 | AO34: =IF(AND(Z34=1,N(W34)>0,AI34=N(W34)),1,0) -> 0 | AP34: =IF(Z34=0,0,_xlfn.MAXIFS('RECEBIMENTOS'!$E$6:$E$1005,'RECEBIMENTOS'!$B$6:$B$1005,A34)) -> 0 | AQ34: =IF(T34="","",IF(T34="RECEBIMENTO NÃO CONFIRMADO",IF(ISNUMBER(F34),F34,IF(ISNUMBER(E34),E34,"")),IF(OR(T34="CDF NÃO LOCALIZADO",T34="VÍNCULO INCOMPLETO",T34="CDF A CONFERIR"),IF(AP34>0,AP34,IF(ISNUMBER(E34),E34,"")),IF(ISNUMBER(E34),E34,"")))) | AR34: =IF(NOT(ISNUMBER(U34)),0,IF(T34="RECEBIMENTO NÃO CONFIRMADO",IF(AND(ISNUMBER(cfg_rec),U34>cfg_rec),1,0),IF(OR(T34="CDF NÃO LOCALIZADO",T34="VÍNCULO INCOMPLETO",T34="CDF A CONFERIR"),IF(AND(ISNUMBER(cfg_cdf),U34>cfg_cdf),1,0),0))) -> 0 | AS34: =IF(T34="","",IF(AR34=1,"Alta",IFERROR(INDEX(cfg_pp,MATCH(T34,cfg_pt,0))&"","Média"))) | AT34: =IF(T34="","",IFERROR(INDEX(cfg_pv,MATCH(T34,cfg_pt,0))&"","")) | AU34: =IF(T34="","",IF(AS34="Alta",1,IF(AS34="Média",2,3))*1000000000+(999999-IF(ISNUMBER(U34),MIN(U34,999999),0))*1000+29) | AV34: =IF(T34<>"",1,0) -> 0 | AW34: =IF(Z34=0,"",IF(AA34=1,"Cancelamento informado; ","")&IF(AE34=1,"Campos essenciais ou itens faltando; ","")&IF(AC34=1,"Possível duplicidade do número; ","")&IF(AD34=1,"Cadastro ou datas a revisar; ","")&IF(AF34>0,"Item de resíduo com dado a revisar; ","")&IF(AH34>0,"Diferença de quantidade a analisar; ","")&IF(AK34>0,"Recebimento com alerta; ","")&IF(AL34>0,"Vínculo de CDF com alerta; ","")&IF(AND(AA34=0,AN34=0),"Recebimento não confirmado; ","")&IF(AND(AA34=0,AN34=1,AO34=0),"CDF pendente ou a conferir; ","")) | AX34: =IF(Z34=0,0,IF(AND(OR(f_ini="",AND(ISNUMBER(E34),E34>=f_ini)),OR(f_fim="",AND(ISNUMBER(E34),E34<=f_fim)),OR(f_un="",f_un="(Todas)",G34=f_un),OR(f_tr="",f_tr="(Todos)",H34=f_tr),OR(f_de="",f_de="(Todos)",I34=f_de),OR(f_sit="",f_sit="(Todas)",S34=f_sit)),1,0)) -> 0 | AY34: =IF(AX34=0,0,IF(OR(f_res="",f_res="(Todos)"),1,IF(COUNTIFS('ITENS_MTR'!$S$6:$S$1005,A34,'ITENS_MTR'!$C$6:$C$1005,f_res)>0,1,0))) -> 0 | AZ34: =IF(ISNUMBER(E34),DATE(YEAR(E34),MONTH(E34),1),"") | BA34: =IF(Z34=0,0,IF(AND(OR(r_ini="",AND(ISNUMBER(E34),E34>=r_ini)),OR(r_fim="",AND(ISNUMBER(E34),E34<=r_fim)),OR(r_un="",r_un="(Todas)",G34=r_un),OR(r_de="",r_de="(Todos)",I34=r_de)),1,0)) -> 0 | BB34: =IF(BA34=1,COUNTIF($BA$6:BA34,1),"") | BC34: =IF(AND(AU34<>"",OR(r_un="",r_un="(Todas)",G34=r_un),OR(r_de="",r_de="(Todos)",I34=r_de)),AU34,"") | BD34: =IF(Z34=1,A34&" | nº "&IF(B34="","(sem número)",B34)&" | "&IF(G34="","(sem unidade)",G34),"") | BE34: =IF(Z34=1,COUNTIF($Z$6:Z34,1),"") | BF34: =IF(T34="","",IF(T34="RECEBIMENTO NÃO CONFIRMADO","Transp.: "&H34&" | Dest.: "&I34,IF(OR(T34="CDF NÃO LOCALIZADO",T34="VÍNCULO INCOMPLETO",T34="CDF A CONFERIR"),"Dest.: "&I34,"Gerador: "&G34)))
A35: MTR-000030 | P35: =IF(Z35=0,"",SUMIFS('ITENS_MTR'!$I$6:$I$1005,'ITENS_MTR'!$S$6:$S$1005,A35,'ITENS_MTR'!$Y$6:$Y$1005,1)) | Q35: =IF(Z35=0,"",SUMIFS('RECEBIMENTOS'!$H$6:$H$1005,'RECEBIMENTOS'!$B$6:$B$1005,A35,'RECEBIMENTOS'!$X$6:$X$1005,1)) | R35: =IF(Z35=0,"",SUMIFS('VÍNCULOS_CDF'!$H$6:$H$1005,'VÍNCULOS_CDF'!$D$6:$D$1005,A35,'VÍNCULOS_CDF'!$V$6:$V$1005,1)) | S35: =IF(Z35=0,"",IF(AA35=1,"Cancelado (informado)",IF(AE35=1,"Cadastro incompleto",IF(OR(AC35=1,AD35=1,AF35>0,AH35>0,AK35>0,AL35>0),"Informação a revisar",IF(AN35=0,"Aguardando recebimento",IF(N(R35)=0,"Aguardando CDF",IF(AJ35<N(W35),"Vínculo de CDF parcial",IF(AO35=0,"CDF localizado, a conferir","Documentação conferida")))))))) | T35: =IF(Z35=0,"",IF(S35="Cadastro incompleto","MTR INCOMPLETO",IF(S35="Informação a revisar",IF(AND(AH35>0,AC35=0,AD35=0,AF35=0,AK35=0,AL35=0),"QUANTIDADE A REVISAR","IDENTIFICAÇÃO A REVISAR"),IF(S35="Aguardando recebimento","RECEBIMENTO NÃO CONFIRMADO",IF(S35="Aguardando CDF","CDF NÃO LOCALIZADO",IF(S35="Vínculo de CDF parcial","VÍNCULO INCOMPLETO",IF(S35="CDF localizado, a conferir","CDF A CONFERIR",""))))))) | U35: =IF(T35="","",IF(AQ35="","Não calculável",IF(AQ35>TODAY(),"Data futura",TODAY()-AQ35))) | V35: =IF(Z35=0,"",SUMIFS('RECEBIMENTOS'!$H$6:$H$1005,'RECEBIMENTOS'!$B$6:$B$1005,A35,'RECEBIMENTOS'!$Z$6:$Z$1005,1)) | W35: =IF(Z35=0,"",COUNTIFS('ITENS_MTR'!$S$6:$S$1005,A35,'ITENS_MTR'!$R$6:$R$1005,1)) | X35: =IF(AC35=1,"POSSÍVEL DUPLICIDADE","") | Y35: =IF(Z35=0,"",IF(AW35="","Nenhuma",LEFT(AW35,LEN(AW35)-2))) | Z35: =IF(COUNTA(B35:O35)>0,1,0) -> 0 | AA35: =IF(AND(Z35=1,K35<>""),IF(TRIM(K35)=TRIM(cfg_cancel),1,0),0) -> 0 | AB35: =IF(AND(Z35=1,B35<>""),C35&"|"&D35&"|"&G35&"|"&TRIM(B35),"") | AC35: =IF(AB35="",0,IF(SUMPRODUCT(--($AB$6:$AB$505=AB35))>1,1,0)) -> 0 | AD35: =IF(Z35=0,0,IF(OR(AND(G35<>"",ISNA(MATCH(G35,'CAD_UNIDADES'!$C$6:$C$105,0))),AND(H35<>"",ISNA(MATCH(H35,cmp_transp,0))),AND(I35<>"",ISNA(MATCH(I35,cmp_dest,0))),AND(E35<>"",NOT(ISNUMBER(E35))),AND(F35<>"",NOT(ISNUMBER(F35))),AND(ISNUMBER(E35),ISNUMBER(F35),F35<E35)),1,0)) -> 0 | AE35: =IF(Z35=0,0,IF(OR(B35="",C35="",E35="",G35="",H35="",I35="",N(W35)=0),1,0)) -> 0 | AF35: =IF(Z35=0,0,COUNTIFS('ITENS_MTR'!$S$6:$S$1005,A35,'ITENS_MTR'!$AI$6:$AI$1005,1)) -> 0 | AG35: =IF(Z35=0,0,COUNTIFS('ITENS_MTR'!$S$6:$S$1005,A35,'ITENS_MTR'!$AJ$6:$AJ$1005,1)) -> 0 | AH35: =IF(Z35=0,0,COUNTIFS('ITENS_MTR'!$S$6:$S$1005,A35,'ITENS_MTR'!$AM$6:$AM$1005,1)) -> 0 | AI35: =IF(Z35=0,0,COUNTIFS('ITENS_MTR'!$S$6:$S$1005,A35,'ITENS_MTR'!$AO$6:$AO$1005,1)) -> 0 | AJ35: =IF(Z35=0,0,COUNTIFS('ITENS_MTR'!$S$6:$S$1005,A35,'ITENS_MTR'!$AN$6:$AN$1005,1)) -> 0 | AK35: =IF(Z35=0,0,COUNTIFS('RECEBIMENTOS'!$B$6:$B$1005,A35,'RECEBIMENTOS'!$Y$6:$Y$1005,1)) -> 0 | AL35: =IF(Z35=0,0,COUNTIFS('VÍNCULOS_CDF'!$D$6:$D$1005,A35,'VÍNCULOS_CDF'!$Y$6:$Y$1005,1)) -> 0 | AM35: =IF(Z35=0,0,COUNTIFS('RECEBIMENTOS'!$B$6:$B$1005,A35,'RECEBIMENTOS'!$Q$6:$Q$1005,1)) -> 0 | AN35: =IF(AND(Z35=1,N(W35)>0,AG35=N(W35)),1,0) -> 0 | AO35: =IF(AND(Z35=1,N(W35)>0,AI35=N(W35)),1,0) -> 0 | AP35: =IF(Z35=0,0,_xlfn.MAXIFS('RECEBIMENTOS'!$E$6:$E$1005,'RECEBIMENTOS'!$B$6:$B$1005,A35)) -> 0 | AQ35: =IF(T35="","",IF(T35="RECEBIMENTO NÃO CONFIRMADO",IF(ISNUMBER(F35),F35,IF(ISNUMBER(E35),E35,"")),IF(OR(T35="CDF NÃO LOCALIZADO",T35="VÍNCULO INCOMPLETO",T35="CDF A CONFERIR"),IF(AP35>0,AP35,IF(ISNUMBER(E35),E35,"")),IF(ISNUMBER(E35),E35,"")))) | AR35: =IF(NOT(ISNUMBER(U35)),0,IF(T35="RECEBIMENTO NÃO CONFIRMADO",IF(AND(ISNUMBER(cfg_rec),U35>cfg_rec),1,0),IF(OR(T35="CDF NÃO LOCALIZADO",T35="VÍNCULO INCOMPLETO",T35="CDF A CONFERIR"),IF(AND(ISNUMBER(cfg_cdf),U35>cfg_cdf),1,0),0))) -> 0 | AS35: =IF(T35="","",IF(AR35=1,"Alta",IFERROR(INDEX(cfg_pp,MATCH(T35,cfg_pt,0))&"","Média"))) | AT35: =IF(T35="","",IFERROR(INDEX(cfg_pv,MATCH(T35,cfg_pt,0))&"","")) | AU35: =IF(T35="","",IF(AS35="Alta",1,IF(AS35="Média",2,3))*1000000000+(999999-IF(ISNUMBER(U35),MIN(U35,999999),0))*1000+30) | AV35: =IF(T35<>"",1,0) -> 0 | AW35: =IF(Z35=0,"",IF(AA35=1,"Cancelamento informado; ","")&IF(AE35=1,"Campos essenciais ou itens faltando; ","")&IF(AC35=1,"Possível duplicidade do número; ","")&IF(AD35=1,"Cadastro ou datas a revisar; ","")&IF(AF35>0,"Item de resíduo com dado a revisar; ","")&IF(AH35>0,"Diferença de quantidade a analisar; ","")&IF(AK35>0,"Recebimento com alerta; ","")&IF(AL35>0,"Vínculo de CDF com alerta; ","")&IF(AND(AA35=0,AN35=0),"Recebimento não confirmado; ","")&IF(AND(AA35=0,AN35=1,AO35=0),"CDF pendente ou a conferir; ","")) | AX35: =IF(Z35=0,0,IF(AND(OR(f_ini="",AND(ISNUMBER(E35),E35>=f_ini)),OR(f_fim="",AND(ISNUMBER(E35),E35<=f_fim)),OR(f_un="",f_un="(Todas)",G35=f_un),OR(f_tr="",f_tr="(Todos)",H35=f_tr),OR(f_de="",f_de="(Todos)",I35=f_de),OR(f_sit="",f_sit="(Todas)",S35=f_sit)),1,0)) -> 0 | AY35: =IF(AX35=0,0,IF(OR(f_res="",f_res="(Todos)"),1,IF(COUNTIFS('ITENS_MTR'!$S$6:$S$1005,A35,'ITENS_MTR'!$C$6:$C$1005,f_res)>0,1,0))) -> 0 | AZ35: =IF(ISNUMBER(E35),DATE(YEAR(E35),MONTH(E35),1),"") | BA35: =IF(Z35=0,0,IF(AND(OR(r_ini="",AND(ISNUMBER(E35),E35>=r_ini)),OR(r_fim="",AND(ISNUMBER(E35),E35<=r_fim)),OR(r_un="",r_un="(Todas)",G35=r_un),OR(r_de="",r_de="(Todos)",I35=r_de)),1,0)) -> 0 | BB35: =IF(BA35=1,COUNTIF($BA$6:BA35,1),"") | BC35: =IF(AND(AU35<>"",OR(r_un="",r_un="(Todas)",G35=r_un),OR(r_de="",r_de="(Todos)",I35=r_de)),AU35,"") | BD35: =IF(Z35=1,A35&" | nº "&IF(B35="","(sem número)",B35)&" | "&IF(G35="","(sem unidade)",G35),"") | BE35: =IF(Z35=1,COUNTIF($Z$6:Z35,1),"") | BF35: =IF(T35="","",IF(T35="RECEBIMENTO NÃO CONFIRMADO","Transp.: "&H35&" | Dest.: "&I35,IF(OR(T35="CDF NÃO LOCALIZADO",T35="VÍNCULO INCOMPLETO",T35="CDF A CONFERIR"),"Dest.: "&I35,"Gerador: "&G35)))
A36: MTR-000031 | P36: =IF(Z36=0,"",SUMIFS('ITENS_MTR'!$I$6:$I$1005,'ITENS_MTR'!$S$6:$S$1005,A36,'ITENS_MTR'!$Y$6:$Y$1005,1)) | Q36: =IF(Z36=0,"",SUMIFS('RECEBIMENTOS'!$H$6:$H$1005,'RECEBIMENTOS'!$B$6:$B$1005,A36,'RECEBIMENTOS'!$X$6:$X$1005,1)) | R36: =IF(Z36=0,"",SUMIFS('VÍNCULOS_CDF'!$H$6:$H$1005,'VÍNCULOS_CDF'!$D$6:$D$1005,A36,'VÍNCULOS_CDF'!$V$6:$V$1005,1)) | S36: =IF(Z36=0,"",IF(AA36=1,"Cancelado (informado)",IF(AE36=1,"Cadastro incompleto",IF(OR(AC36=1,AD36=1,AF36>0,AH36>0,AK36>0,AL36>0),"Informação a revisar",IF(AN36=0,"Aguardando recebimento",IF(N(R36)=0,"Aguardando CDF",IF(AJ36<N(W36),"Vínculo de CDF parcial",IF(AO36=0,"CDF localizado, a conferir","Documentação conferida")))))))) | T36: =IF(Z36=0,"",IF(S36="Cadastro incompleto","MTR INCOMPLETO",IF(S36="Informação a revisar",IF(AND(AH36>0,AC36=0,AD36=0,AF36=0,AK36=0,AL36=0),"QUANTIDADE A REVISAR","IDENTIFICAÇÃO A REVISAR"),IF(S36="Aguardando recebimento","RECEBIMENTO NÃO CONFIRMADO",IF(S36="Aguardando CDF","CDF NÃO LOCALIZADO",IF(S36="Vínculo de CDF parcial","VÍNCULO INCOMPLETO",IF(S36="CDF localizado, a conferir","CDF A CONFERIR",""))))))) | U36: =IF(T36="","",IF(AQ36="","Não calculável",IF(AQ36>TODAY(),"Data futura",TODAY()-AQ36))) | V36: =IF(Z36=0,"",SUMIFS('RECEBIMENTOS'!$H$6:$H$1005,'RECEBIMENTOS'!$B$6:$B$1005,A36,'RECEBIMENTOS'!$Z$6:$Z$1005,1)) | W36: =IF(Z36=0,"",COUNTIFS('ITENS_MTR'!$S$6:$S$1005,A36,'ITENS_MTR'!$R$6:$R$1005,1)) | X36: =IF(AC36=1,"POSSÍVEL DUPLICIDADE","") | Y36: =IF(Z36=0,"",IF(AW36="","Nenhuma",LEFT(AW36,LEN(AW36)-2))) | Z36: =IF(COUNTA(B36:O36)>0,1,0) -> 0 | AA36: =IF(AND(Z36=1,K36<>""),IF(TRIM(K36)=TRIM(cfg_cancel),1,0),0) -> 0 | AB36: =IF(AND(Z36=1,B36<>""),C36&"|"&D36&"|"&G36&"|"&TRIM(B36),"") | AC36: =IF(AB36="",0,IF(SUMPRODUCT(--($AB$6:$AB$505=AB36))>1,1,0)) -> 0 | AD36: =IF(Z36=0,0,IF(OR(AND(G36<>"",ISNA(MATCH(G36,'CAD_UNIDADES'!$C$6:$C$105,0))),AND(H36<>"",ISNA(MATCH(H36,cmp_transp,0))),AND(I36<>"",ISNA(MATCH(I36,cmp_dest,0))),AND(E36<>"",NOT(ISNUMBER(E36))),AND(F36<>"",NOT(ISNUMBER(F36))),AND(ISNUMBER(E36),ISNUMBER(F36),F36<E36)),1,0)) -> 0 | AE36: =IF(Z36=0,0,IF(OR(B36="",C36="",E36="",G36="",H36="",I36="",N(W36)=0),1,0)) -> 0 | AF36: =IF(Z36=0,0,COUNTIFS('ITENS_MTR'!$S$6:$S$1005,A36,'ITENS_MTR'!$AI$6:$AI$1005,1)) -> 0 | AG36: =IF(Z36=0,0,COUNTIFS('ITENS_MTR'!$S$6:$S$1005,A36,'ITENS_MTR'!$AJ$6:$AJ$1005,1)) -> 0 | AH36: =IF(Z36=0,0,COUNTIFS('ITENS_MTR'!$S$6:$S$1005,A36,'ITENS_MTR'!$AM$6:$AM$1005,1)) -> 0 | AI36: =IF(Z36=0,0,COUNTIFS('ITENS_MTR'!$S$6:$S$1005,A36,'ITENS_MTR'!$AO$6:$AO$1005,1)) -> 0 | AJ36: =IF(Z36=0,0,COUNTIFS('ITENS_MTR'!$S$6:$S$1005,A36,'ITENS_MTR'!$AN$6:$AN$1005,1)) -> 0 | AK36: =IF(Z36=0,0,COUNTIFS('RECEBIMENTOS'!$B$6:$B$1005,A36,'RECEBIMENTOS'!$Y$6:$Y$1005,1)) -> 0 | AL36: =IF(Z36=0,0,COUNTIFS('VÍNCULOS_CDF'!$D$6:$D$1005,A36,'VÍNCULOS_CDF'!$Y$6:$Y$1005,1)) -> 0 | AM36: =IF(Z36=0,0,COUNTIFS('RECEBIMENTOS'!$B$6:$B$1005,A36,'RECEBIMENTOS'!$Q$6:$Q$1005,1)) -> 0 | AN36: =IF(AND(Z36=1,N(W36)>0,AG36=N(W36)),1,0) -> 0 | AO36: =IF(AND(Z36=1,N(W36)>0,AI36=N(W36)),1,0) -> 0 | AP36: =IF(Z36=0,0,_xlfn.MAXIFS('RECEBIMENTOS'!$E$6:$E$1005,'RECEBIMENTOS'!$B$6:$B$1005,A36)) -> 0 | AQ36: =IF(T36="","",IF(T36="RECEBIMENTO NÃO CONFIRMADO",IF(ISNUMBER(F36),F36,IF(ISNUMBER(E36),E36,"")),IF(OR(T36="CDF NÃO LOCALIZADO",T36="VÍNCULO INCOMPLETO",T36="CDF A CONFERIR"),IF(AP36>0,AP36,IF(ISNUMBER(E36),E36,"")),IF(ISNUMBER(E36),E36,"")))) | AR36: =IF(NOT(ISNUMBER(U36)),0,IF(T36="RECEBIMENTO NÃO CONFIRMADO",IF(AND(ISNUMBER(cfg_rec),U36>cfg_rec),1,0),IF(OR(T36="CDF NÃO LOCALIZADO",T36="VÍNCULO INCOMPLETO",T36="CDF A CONFERIR"),IF(AND(ISNUMBER(cfg_cdf),U36>cfg_cdf),1,0),0))) -> 0 | AS36: =IF(T36="","",IF(AR36=1,"Alta",IFERROR(INDEX(cfg_pp,MATCH(T36,cfg_pt,0))&"","Média"))) | AT36: =IF(T36="","",IFERROR(INDEX(cfg_pv,MATCH(T36,cfg_pt,0))&"","")) | AU36: =IF(T36="","",IF(AS36="Alta",1,IF(AS36="Média",2,3))*1000000000+(999999-IF(ISNUMBER(U36),MIN(U36,999999),0))*1000+31) | AV36: =IF(T36<>"",1,0) -> 0 | AW36: =IF(Z36=0,"",IF(AA36=1,"Cancelamento informado; ","")&IF(AE36=1,"Campos essenciais ou itens faltando; ","")&IF(AC36=1,"Possível duplicidade do número; ","")&IF(AD36=1,"Cadastro ou datas a revisar; ","")&IF(AF36>0,"Item de resíduo com dado a revisar; ","")&IF(AH36>0,"Diferença de quantidade a analisar; ","")&IF(AK36>0,"Recebimento com alerta; ","")&IF(AL36>0,"Vínculo de CDF com alerta; ","")&IF(AND(AA36=0,AN36=0),"Recebimento não confirmado; ","")&IF(AND(AA36=0,AN36=1,AO36=0),"CDF pendente ou a conferir; ","")) | AX36: =IF(Z36=0,0,IF(AND(OR(f_ini="",AND(ISNUMBER(E36),E36>=f_ini)),OR(f_fim="",AND(ISNUMBER(E36),E36<=f_fim)),OR(f_un="",f_un="(Todas)",G36=f_un),OR(f_tr="",f_tr="(Todos)",H36=f_tr),OR(f_de="",f_de="(Todos)",I36=f_de),OR(f_sit="",f_sit="(Todas)",S36=f_sit)),1,0)) -> 0 | AY36: =IF(AX36=0,0,IF(OR(f_res="",f_res="(Todos)"),1,IF(COUNTIFS('ITENS_MTR'!$S$6:$S$1005,A36,'ITENS_MTR'!$C$6:$C$1005,f_res)>0,1,0))) -> 0 | AZ36: =IF(ISNUMBER(E36),DATE(YEAR(E36),MONTH(E36),1),"") | BA36: =IF(Z36=0,0,IF(AND(OR(r_ini="",AND(ISNUMBER(E36),E36>=r_ini)),OR(r_fim="",AND(ISNUMBER(E36),E36<=r_fim)),OR(r_un="",r_un="(Todas)",G36=r_un),OR(r_de="",r_de="(Todos)",I36=r_de)),1,0)) -> 0 | BB36: =IF(BA36=1,COUNTIF($BA$6:BA36,1),"") | BC36: =IF(AND(AU36<>"",OR(r_un="",r_un="(Todas)",G36=r_un),OR(r_de="",r_de="(Todos)",I36=r_de)),AU36,"") | BD36: =IF(Z36=1,A36&" | nº "&IF(B36="","(sem número)",B36)&" | "&IF(G36="","(sem unidade)",G36),"") | BE36: =IF(Z36=1,COUNTIF($Z$6:Z36,1),"") | BF36: =IF(T36="","",IF(T36="RECEBIMENTO NÃO CONFIRMADO","Transp.: "&H36&" | Dest.: "&I36,IF(OR(T36="CDF NÃO LOCALIZADO",T36="VÍNCULO INCOMPLETO",T36="CDF A CONFERIR"),"Dest.: "&I36,"Gerador: "&G36)))
